relative_path,size_bytes,sha256
README.md,902,0761b28cb5128dd706aa4b5350316b745285588817f31611edfe534170eb7f49
RESULTS_SUMMARY.md,839,e014b39dc5e3b4a8b71f50fd9f61c5947704618a61da784716666b92f9dc7101
figures/fig_exact_quartic_escape.pdf,15692,5bc3194168d89ad3237562cd3906b74afed8e375d193ca54c5b66172cd8b247e
figures/fig_exact_quartic_escape.png,79126,bfb9144b203e84281c90ae7ec7f4ec4530bd3711dae50a7af02c90cc3a4837ff
figures/fig_long_horizon_fb_stagnation.pdf,17557,3de7148b68d656c7f9cfd9c5e8cf3121f1d677790e6151d3e17093ef639fa513
figures/fig_long_horizon_fb_stagnation.png,92408,94f0062f137000b3a9fd88660892da1458dab484de834e0a74ebacd3b1ee61e2
figures/fig_overhead_scaling.pdf,14947,9d63eeb9ca6af55224382b7b57c918c7edd3f4b0d91b974f180a895b790ac464
figures/fig_overhead_scaling.png,135024,fe5966d77c0990c98d4f177868645a66199392a4f0236a4073fccafa9cd81e70
figures/fig_perturbed_quartic_competitors.pdf,20875,9f3b25e2f19441012d25d938241b267c2473870912d2377b194f87fd36e93297
figures/fig_perturbed_quartic_competitors.png,101069,3a208f3f28361360f5e815f77fb577b0198e0f9f0bcd94acc0ab5724e2d18de4
metadata/baseline_source.txt,158,fdb923d0fddfa912df5b840c60a72dea430d0cbe9fa525ed667fdd5e1c703fcf
metadata/environment.json,420,857862eea7b63b8fd9c6294ae1b0bf387f2b7ed4a9d8effaa9ceccd266f366eb
metadata/seeds.json,253,73b1e1aa00c3ae131bcfac6ebfb534af8a2669eb3030a3bbe28e121247151a48
metadata/solver_config.json,3849,ce06458c2cbc8a449de591d579ca33d39ac32fb9e7904c56b41cc6336fede70d
raw/all_run_summaries.csv,386256,def925cf4d04f222f96034d9c913ce8a746c142b0d5a8f23cf235f203cb2ec79
raw/all_verification_attempts.csv,732774,805e9485a34d7fa4aa72cf45ac5459781d644e26067ff438aae2e41f6bba827a
raw/dirl_sensitivity_runs.csv,30478,9bdb3c02dfedc6c38ad511f785b39cbc315522d0c1eacdc044c98df9a0a297ac
raw/exact_saddle_runs.csv,11938,bd468c26fafd967187a9f614b9d0004c1bcf453b99dd4f2f560e654f30a87b80
raw/exact_verification_attempts.csv,18533,5181a8820d059a91e065c4d540625380cdde1eb48c1c12c4b9998f3906217fdd
raw/long_horizon_fb.csv,23999,6ec90a58738c7fcfe52f99a8d643886347f06b20bffa7be90cce15f580ff3af9
raw/ordinary_runs.csv,64606,25c41e834a24c2cdeab480a64c8e23322c6519ee9ee29f2b87ba6d5cb4b1bdb9
raw/ordinary_verification_attempts.csv,196179,10bd32a3e9c615a8103937cd8d2b11397eb3b1deae0d42aef1ce5ac58a9266ef
raw/perturbed_all_runs.csv,269530,e3104070ff72b5302597f04046c28b95dd603ecd71c9078f8987066d4951604d
raw/perturbed_quartic_runs.csv,248887,40daea5b9cf3a1237a91f30f69e29e85567b655dc295bc79744e9917f91a4eb2
raw/perturbed_strict_runs.csv,21350,a70eb5c2dae030126f7b7fbad3e90b6713dd27863a6eb3043697ab81108ef9dc
raw/perturbed_verification_attempts.csv,232497,506b3f1176b3bc7c235af99b5433c80f97e621cb506f7254a14d9ab635724b67
raw/schedule_ablation_runs.csv,1704,fecb24255fca20da08c1244d30bb3539cea2c9c2ebb85342e6985912f6db7a24
raw/schedule_ablation_verification_attempts.csv,276284,006f9fe3d7ad78d9bfaaaa85a13f89551194d2df9b5598e7b67141acec31ad9f
raw/signature_4vfb_history.csv,4459,147633d598e89a8594b0905d1b9030ffb383c0530b316c7a8c37a205a35371d7
raw/signature_fb_history.csv,180,1f5edcc34622eee15f53ecce0f390703f7cade14ac1b2b8e6a5b67216e487568
tables/audit_checks.csv,862,459bf1f0ea68ec8e56f8f20d154e5ec4262c11718603aa4870a2e60826cf7173
tables/audit_checks.tex,1011,285e7672f8b5a9680688e4e382eb1525f7b229f9dd3cbe6da53132d2e5d5a0b2
tables/geometry_validation.csv,670,62c462e50502b5b8a3d80571482a1ade80949d5e8e511d18e88144e1f14baf07
tables/prox_validation.csv,675,6861b04a4e8a3c8c786feaf67c56ad60a5ac7daaa70d5c999875df12b2c9e321
tables/table_construction_diagnostics.csv,2315,77312911deb3a86fef4f3061d95cc8e4f5beb5dc0409344070359ffdd52c38f7
tables/table_construction_diagnostics.tex,1794,97b4a78e1fdedcc38e5a7d487a81b52d1188ad2877277bca35def3ac21ab2057
tables/table_dirl_parameter_sensitivity.csv,1675,daec8b071cd129d148dc1457f5d79d7e910805467046c6e5d27576b3e1ecfc02
tables/table_dirl_parameter_sensitivity.tex,1663,9ffd66a1ef3dd34188db20d619c53e4fdeefdf9574bce65c97179489acca120c
tables/table_exact_saddles.csv,714,ddc2122c8de67ed8dbbff5c496a106f028f6177d5f7121339cda463fb4163f85
tables/table_exact_saddles.tex,727,38e3f70abe7bb31a98b4e765173d3692dd2de0912476bc97342bbffba62185fa
tables/table_long_horizon_fb.csv,584,598e32ce43e6d10470deb6dca27a37002eb14c555e4c41ca96f76a1b0c1d5eb9
tables/table_long_horizon_fb.tex,596,2f26779f1600e17080cea40ad794bc8466037abfdddb41cea1a1492c1139a17a
tables/table_ordinary_cost.csv,6918,674250fec4f2236a8fd132d084280ad925c2214541d726e1dd844250395e64d0
tables/table_ordinary_cost.tex,5546,1d6f27b07818404af5def3d5b8c92f21478fa53ecef55a959393d557f62b8507
tables/table_perturbed_competitors.csv,4278,af9b828f5cb5e07ec3c6126029409e87b0b7778ad047004e4525bb371ec2a345
tables/table_perturbed_competitors.tex,3580,4fe52e48fba3bf617afaadff068488b319db8f76fbdcf165090ec57ad64da85b
tables/table_schedule_ablation.csv,409,fbfc7bf2f506b2070c9cf39df05731278a2557e102784bc9d8d480e0113c02b7
tables/table_schedule_ablation.tex,452,c523609ebb0ed1645e3e8bd12eb0693e0b9a274a413c7050472523cb9f859706
tables/table_verification_guard_diagnostics.csv,1726,1eea932192f2d4938aa7d17e02a31d9e62a39931e7263835a724817662e334a5
tables/table_verification_guard_diagnostics.tex,1366,3272806c60d600ad890511b12cf394b22b059b547809171672ddadb73a64de4a
