iteration,objective,objective_change_double,objective_change_high_precision,distance_to_saddle,step_norm,fb_residual,support_size,relative_lambda_min,elapsed_seconds,first_machine_fixed_iteration,total_runtime_seconds
1,2.1111111111111374,2.6201263381153694e-14,2.6649112078139245e-14,3.8711820782363e-06,8.718513589298301e-06,1.1542981430550435e-07,20,3.5013791403173424e-08,0.001273910000008982,10,94.08344318799982
2,2.1111111111111107,-4.440892098500626e-16,8.327525793714626e-17,3.836716401449667e-06,4.87370327067685e-07,6.4525983670985745e-09,20,1.9552981764875022e-09,0.002367249999906562,10,94.08344318799982
3,2.111111111111111,0.0,2.602200190674067e-19,3.8366082182274866e-06,2.7244304216638427e-08,3.6070421753761064e-10,20,1.0730739212714096e-10,0.003394359999902008,10,94.08344318799982
4,2.111111111111111,0.0,8.080862363182336e-22,3.836607880351092e-06,1.5229733629365783e-09,2.016360801858076e-11,20,4.003568310183206e-12,0.004378579999865906,10,94.08344318799982
5,2.1111111111111116,4.440892098500626e-16,-2.544891404779613e-24,3.836607879462737e-06,8.513523385622989e-11,1.1271404054332361e-12,20,-1.771152668971735e-12,0.0053353399998741224,10,94.08344318799982
6,2.1111111111111107,-4.440892098500626e-16,-5.077940413115228e-24,3.83660787953856e-06,4.759037267384775e-12,6.299943097637507e-14,20,-2.094019402321085e-12,0.006266299999879266,10,94.08344318799982
7,2.111111111111111,0.0,-5.0858557813431854e-24,3.836607879617088e-06,2.6599759745580585e-13,3.556116624076653e-15,20,-2.111991137532241e-12,0.0071548490000168385,10,94.08344318799982
8,2.111111111111111,0.0,-5.085880681242354e-24,3.836607879617091e-06,1.5014714634990314e-14,1.7639058457283257e-16,20,-2.113031971617829e-12,0.007946008999851983,10,94.08344318799982
9,2.111111111111111,0.0,-5.085880738919365e-24,3.836607879617091e-06,7.447602459741819e-16,0.0,20,-2.113066666087349e-12,0.008754078999800186,10,94.08344318799982
10,2.111111111111111,0.0,-5.085880738919365e-24,3.836607879617091e-06,0.0,0.0,20,-2.113066666087349e-12,0.009550528999852759,10,94.08344318799982
11,2.111111111111111,0.0,-5.085880738919365e-24,3.836607879617091e-06,0.0,0.0,20,-2.113066666087349e-12,0.01033710899992002,10,94.08344318799982
12,2.111111111111111,0.0,-5.085880738919365e-24,3.836607879617091e-06,0.0,0.0,20,-2.113066666087349e-12,0.011121129000002838,10,94.08344318799982
13,2.111111111111111,0.0,-5.085880738919365e-24,3.836607879617091e-06,0.0,0.0,20,-2.113066666087349e-12,0.011901378999937151,10,94.08344318799982
14,2.111111111111111,0.0,-5.085880738919365e-24,3.836607879617091e-06,0.0,0.0,20,-2.113066666087349e-12,0.012672788999907425,10,94.08344318799982
16,2.111111111111111,0.0,-5.085880738919365e-24,3.836607879617091e-06,0.0,0.0,20,-2.113066666087349e-12,0.01354455799992138,10,94.08344318799982
17,2.111111111111111,0.0,-5.085880738919365e-24,3.836607879617091e-06,0.0,0.0,20,-2.113066666087349e-12,0.01432603799980825,10,94.08344318799982
18,2.111111111111111,0.0,-5.085880738919365e-24,3.836607879617091e-06,0.0,0.0,20,-2.113066666087349e-12,0.01510243799998534,10,94.08344318799982
20,2.111111111111111,0.0,-5.085880738919365e-24,3.836607879617091e-06,0.0,0.0,20,-2.113066666087349e-12,0.015970317999972394,10,94.08344318799982
21,2.111111111111111,0.0,-5.085880738919365e-24,3.836607879617091e-06,0.0,0.0,20,-2.113066666087349e-12,0.016734827999925983,10,94.08344318799982
23,2.111111111111111,0.0,-5.085880738919365e-24,3.836607879617091e-06,0.0,0.0,20,-2.113066666087349e-12,0.01760103799983881,10,94.08344318799982
25,2.111111111111111,0.0,-5.085880738919365e-24,3.836607879617091e-06,0.0,0.0,20,-2.113066666087349e-12,0.018467227999963143,10,94.08344318799982
27,2.111111111111111,0.0,-5.085880738919365e-24,3.836607879617091e-06,0.0,0.0,20,-2.113066666087349e-12,0.019331987999976263,10,94.08344318799982
29,2.111111111111111,0.0,-5.085880738919365e-24,3.836607879617091e-06,0.0,0.0,20,-2.113066666087349e-12,0.020197527999926024,10,94.08344318799982
32,2.111111111111111,0.0,-5.085880738919365e-24,3.836607879617091e-06,0.0,0.0,20,-2.113066666087349e-12,0.021162986999797795,10,94.08344318799982
34,2.111111111111111,0.0,-5.085880738919365e-24,3.836607879617091e-06,0.0,0.0,20,-2.113066666087349e-12,0.022033416999875044,10,94.08344318799982
37,2.111111111111111,0.0,-5.085880738919365e-24,3.836607879617091e-06,0.0,0.0,20,-2.113066666087349e-12,0.02299758699996346,10,94.08344318799982
40,2.111111111111111,0.0,-5.085880738919365e-24,3.836607879617091e-06,0.0,0.0,20,-2.113066666087349e-12,0.023958106999998563,10,94.08344318799982
43,2.111111111111111,0.0,-5.085880738919365e-24,3.836607879617091e-06,0.0,0.0,20,-2.113066666087349e-12,0.02492065699993873,10,94.08344318799982
47,2.111111111111111,0.0,-5.085880738919365e-24,3.836607879617091e-06,0.0,0.0,20,-2.113066666087349e-12,0.025977656999884857,10,94.08344318799982
51,2.111111111111111,0.0,-5.085880738919365e-24,3.836607879617091e-06,0.0,0.0,20,-2.113066666087349e-12,0.027030626999930973,10,94.08344318799982
55,2.111111111111111,0.0,-5.085880738919365e-24,3.836607879617091e-06,0.0,0.0,20,-2.113066666087349e-12,0.02808609599992451,10,94.08344318799982
59,2.111111111111111,0.0,-5.085880738919365e-24,3.836607879617091e-06,0.0,0.0,20,-2.113066666087349e-12,0.029138365999870075,10,94.08344318799982
64,2.111111111111111,0.0,-5.085880738919365e-24,3.836607879617091e-06,0.0,0.0,20,-2.113066666087349e-12,0.030282305999890013,10,94.08344318799982
69,2.111111111111111,0.0,-5.085880738919365e-24,3.836607879617091e-06,0.0,0.0,20,-2.113066666087349e-12,0.0314243059999626,10,94.08344318799982
75,2.111111111111111,0.0,-5.085880738919365e-24,3.836607879617091e-06,0.0,0.0,20,-2.113066666087349e-12,0.03266409599996223,10,94.08344318799982
81,2.111111111111111,0.0,-5.085880738919365e-24,3.836607879617091e-06,0.0,0.0,20,-2.113066666087349e-12,0.03391795499987893,10,94.08344318799982
87,2.111111111111111,0.0,-5.085880738919365e-24,3.836607879617091e-06,0.0,0.0,20,-2.113066666087349e-12,0.03516000499985239,10,94.08344318799982
94,2.111111111111111,0.0,-5.085880738919365e-24,3.836607879617091e-06,0.0,0.0,20,-2.113066666087349e-12,0.03649578499994277,10,94.08344318799982
102,2.111111111111111,0.0,-5.085880738919365e-24,3.836607879617091e-06,0.0,0.0,20,-2.113066666087349e-12,0.037930874999801745,10,94.08344318799982
110,2.111111111111111,0.0,-5.085880738919365e-24,3.836607879617091e-06,0.0,0.0,20,-2.113066666087349e-12,0.03936163499997747,10,94.08344318799982
119,2.111111111111111,0.0,-5.085880738919365e-24,3.836607879617091e-06,0.0,0.0,20,-2.113066666087349e-12,0.040898144999800934,10,94.08344318799982
129,2.111111111111111,0.0,-5.085880738919365e-24,3.836607879617091e-06,0.0,0.0,20,-2.113066666087349e-12,0.042516643999988446,10,94.08344318799982
139,2.111111111111111,0.0,-5.085880738919365e-24,3.836607879617091e-06,0.0,0.0,20,-2.113066666087349e-12,0.04414110399989113,10,94.08344318799982
150,2.111111111111111,0.0,-5.085880738919365e-24,3.836607879617091e-06,0.0,0.0,20,-2.113066666087349e-12,0.04586214400001154,10,94.08344318799982
163,2.111111111111111,0.0,-5.085880738919365e-24,3.836607879617091e-06,0.0,0.0,20,-2.113066666087349e-12,0.04776117299979887,10,94.08344318799982
176,2.111111111111111,0.0,-5.085880738919365e-24,3.836607879617091e-06,0.0,0.0,20,-2.113066666087349e-12,0.049668652999798724,10,94.08344318799982
190,2.111111111111111,0.0,-5.085880738919365e-24,3.836607879617091e-06,0.0,0.0,20,-2.113066666087349e-12,0.05166962299995248,10,94.08344318799982
205,2.111111111111111,0.0,-5.085880738919365e-24,3.836607879617091e-06,0.0,0.0,20,-2.113066666087349e-12,0.0537667829999009,10,94.08344318799982
222,2.111111111111111,0.0,-5.085880738919365e-24,3.836607879617091e-06,0.0,0.0,20,-2.113066666087349e-12,0.05605997199995727,10,94.08344318799982
239,2.111111111111111,0.0,-5.085880738919365e-24,3.836607879617091e-06,0.0,0.0,20,-2.113066666087349e-12,0.058342201999948884,10,94.08344318799982
259,2.111111111111111,0.0,-5.085880738919365e-24,3.836607879617091e-06,0.0,0.0,20,-2.113066666087349e-12,0.060910321999926964,10,94.08344318799982
279,2.111111111111111,0.0,-5.085880738919365e-24,3.836607879617091e-06,0.0,0.0,20,-2.113066666087349e-12,0.06348065099996347,10,94.08344318799982
302,2.111111111111111,0.0,-5.085880738919365e-24,3.836607879617091e-06,0.0,0.0,20,-2.113066666087349e-12,0.0663484909998715,10,94.08344318799982
326,2.111111111111111,0.0,-5.085880738919365e-24,3.836607879617091e-06,0.0,0.0,20,-2.113066666087349e-12,0.06931128999985958,10,94.08344318799982
352,2.111111111111111,0.0,-5.085880738919365e-24,3.836607879617091e-06,0.0,0.0,20,-2.113066666087349e-12,0.07245189999980539,10,94.08344318799982
381,2.111111111111111,0.0,-5.085880738919365e-24,3.836607879617091e-06,0.0,0.0,20,-2.113066666087349e-12,0.07612044899997272,10,94.08344318799982
411,2.111111111111111,0.0,-5.085880738919365e-24,3.836607879617091e-06,0.0,0.0,20,-2.113066666087349e-12,0.07966163899982348,10,94.08344318799982
444,2.111111111111111,0.0,-5.085880738919365e-24,3.836607879617091e-06,0.0,0.0,20,-2.113066666087349e-12,0.08347352800001318,10,94.08344318799982
480,2.111111111111111,0.0,-5.085880738919365e-24,3.836607879617091e-06,0.0,0.0,20,-2.113066666087349e-12,0.08756486799984486,10,94.08344318799982
518,2.111111111111111,0.0,-5.085880738919365e-24,3.836607879617091e-06,0.0,0.0,20,-2.113066666087349e-12,0.09184665699990546,10,94.08344318799982
560,2.111111111111111,0.0,-5.085880738919365e-24,3.836607879617091e-06,0.0,0.0,20,-2.113066666087349e-12,0.09648624599981304,10,94.08344318799982
605,2.111111111111111,0.0,-5.085880738919365e-24,3.836607879617091e-06,0.0,0.0,20,-2.113066666087349e-12,0.10142335599994112,10,94.08344318799982
654,2.111111111111111,0.0,-5.085880738919365e-24,3.836607879617091e-06,0.0,0.0,20,-2.113066666087349e-12,0.10673435499984407,10,94.08344318799982
706,2.111111111111111,0.0,-5.085880738919365e-24,3.836607879617091e-06,0.0,0.0,20,-2.113066666087349e-12,0.112365834000002,10,94.08344318799982
763,2.111111111111111,0.0,-5.085880738919365e-24,3.836607879617091e-06,0.0,0.0,20,-2.113066666087349e-12,0.11844057299981614,10,94.08344318799982
824,2.111111111111111,0.0,-5.085880738919365e-24,3.836607879617091e-06,0.0,0.0,20,-2.113066666087349e-12,0.12488398199980111,10,94.08344318799982
890,2.111111111111111,0.0,-5.085880738919365e-24,3.836607879617091e-06,0.0,0.0,20,-2.113066666087349e-12,0.13179818099979457,10,94.08344318799982
962,2.111111111111111,0.0,-5.085880738919365e-24,3.836607879617091e-06,0.0,0.0,20,-2.113066666087349e-12,0.13927567999985513,10,94.08344318799982
1039,2.111111111111111,0.0,-5.085880738919365e-24,3.836607879617091e-06,0.0,0.0,20,-2.113066666087349e-12,0.1472266089999721,10,94.08344318799982
1122,2.111111111111111,0.0,-5.085880738919365e-24,3.836607879617091e-06,0.0,0.0,20,-2.113066666087349e-12,0.1557022979998237,10,94.08344318799982
1212,2.111111111111111,0.0,-5.085880738919365e-24,3.836607879617091e-06,0.0,0.0,20,-2.113066666087349e-12,0.16487889599989103,10,94.08344318799982
1310,2.111111111111111,0.0,-5.085880738919365e-24,3.836607879617091e-06,0.0,0.0,20,-2.113066666087349e-12,0.17515908499990474,10,94.08344318799982
1415,2.111111111111111,0.0,-5.085880738919365e-24,3.836607879617091e-06,0.0,0.0,20,-2.113066666087349e-12,0.18576040299990382,10,94.08344318799982
1528,2.111111111111111,0.0,-5.085880738919365e-24,3.836607879617091e-06,0.0,0.0,20,-2.113066666087349e-12,0.19711176199984948,10,94.08344318799982
1651,2.111111111111111,0.0,-5.085880738919365e-24,3.836607879617091e-06,0.0,0.0,20,-2.113066666087349e-12,0.2093860699999368,10,94.08344318799982
1784,2.111111111111111,0.0,-5.085880738919365e-24,3.836607879617091e-06,0.0,0.0,20,-2.113066666087349e-12,0.22260574799997812,10,94.08344318799982
1927,2.111111111111111,0.0,-5.085880738919365e-24,3.836607879617091e-06,0.0,0.0,20,-2.113066666087349e-12,0.23678934599979584,10,94.08344318799982
2081,2.111111111111111,0.0,-5.085880738919365e-24,3.836607879617091e-06,0.0,0.0,20,-2.113066666087349e-12,0.25203178299989304,10,94.08344318799982
2248,2.111111111111111,0.0,-5.085880738919365e-24,3.836607879617091e-06,0.0,0.0,20,-2.113066666087349e-12,0.2684509809998872,10,94.08344318799982
2429,2.111111111111111,0.0,-5.085880738919365e-24,3.836607879617091e-06,0.0,0.0,20,-2.113066666087349e-12,0.28620520799995575,10,94.08344318799982
2624,2.111111111111111,0.0,-5.085880738919365e-24,3.836607879617091e-06,0.0,0.0,20,-2.113066666087349e-12,0.305306015999804,10,94.08344318799982
2834,2.111111111111111,0.0,-5.085880738919365e-24,3.836607879617091e-06,0.0,0.0,20,-2.113066666087349e-12,0.3258540429999357,10,94.08344318799982
3062,2.111111111111111,0.0,-5.085880738919365e-24,3.836607879617091e-06,0.0,0.0,20,-2.113066666087349e-12,0.3481824189998406,10,94.08344318799982
3307,2.111111111111111,0.0,-5.085880738919365e-24,3.836607879617091e-06,0.0,0.0,20,-2.113066666087349e-12,0.37198053599991,10,94.08344318799982
3573,2.111111111111111,0.0,-5.085880738919365e-24,3.836607879617091e-06,0.0,0.0,20,-2.113066666087349e-12,0.39773328199999014,10,94.08344318799982
3860,2.111111111111111,0.0,-5.085880738919365e-24,3.836607879617091e-06,0.0,0.0,20,-2.113066666087349e-12,0.4254304279997996,10,94.08344318799982
4169,2.111111111111111,0.0,-5.085880738919365e-24,3.836607879617091e-06,0.0,0.0,20,-2.113066666087349e-12,0.4552296539998224,10,94.08344318799982
4504,2.111111111111111,0.0,-5.085880738919365e-24,3.836607879617091e-06,0.0,0.0,20,-2.113066666087349e-12,0.48750797899992904,10,94.08344318799982
4865,2.111111111111111,0.0,-5.085880738919365e-24,3.836607879617091e-06,0.0,0.0,20,-2.113066666087349e-12,0.5222320739999304,10,94.08344318799982
5256,2.111111111111111,0.0,-5.085880738919365e-24,3.836607879617091e-06,0.0,0.0,20,-2.113066666087349e-12,0.5598007080000116,10,94.08344318799982
5677,2.111111111111111,0.0,-5.085880738919365e-24,3.836607879617091e-06,0.0,0.0,20,-2.113066666087349e-12,0.600166851999802,10,94.08344318799982
6133,2.111111111111111,0.0,-5.085880738919365e-24,3.836607879617091e-06,0.0,0.0,20,-2.113066666087349e-12,0.643955485999868,10,94.08344318799982
6625,2.111111111111111,0.0,-5.085880738919365e-24,3.836607879617091e-06,0.0,0.0,20,-2.113066666087349e-12,0.6910330690000137,10,94.08344318799982
7157,2.111111111111111,0.0,-5.085880738919365e-24,3.836607879617091e-06,0.0,0.0,20,-2.113066666087349e-12,0.741948950999813,10,94.08344318799982
7731,2.111111111111111,0.0,-5.085880738919365e-24,3.836607879617091e-06,0.0,0.0,20,-2.113066666087349e-12,0.7967843229998834,10,94.08344318799982
8351,2.111111111111111,0.0,-5.085880738919365e-24,3.836607879617091e-06,0.0,0.0,20,-2.113066666087349e-12,0.8560485849998258,10,94.08344318799982
9022,2.111111111111111,0.0,-5.085880738919365e-24,3.836607879617091e-06,0.0,0.0,20,-2.113066666087349e-12,0.9199209749999682,10,94.08344318799982
9746,2.111111111111111,0.0,-5.085880738919365e-24,3.836607879617091e-06,0.0,0.0,20,-2.113066666087349e-12,0.9888463749998664,10,94.08344318799982
10000,2.111111111111111,0.0,-5.085880738919365e-24,3.836607879617091e-06,0.0,0.0,20,-2.113066666087349e-12,1.0136183509998773,10,94.08344318799982
10528,2.111111111111111,0.0,-5.085880738919365e-24,3.836607879617091e-06,0.0,0.0,20,-2.113066666087349e-12,1.0642806739999742,10,94.08344318799982
11372,2.111111111111111,0.0,-5.085880738919365e-24,3.836607879617091e-06,0.0,0.0,20,-2.113066666087349e-12,1.144636311999875,10,94.08344318799982
12285,2.111111111111111,0.0,-5.085880738919365e-24,3.836607879617091e-06,0.0,0.0,20,-2.113066666087349e-12,1.2315482589999647,10,94.08344318799982
13271,2.111111111111111,0.0,-5.085880738919365e-24,3.836607879617091e-06,0.0,0.0,20,-2.113066666087349e-12,1.32539553599986,10,94.08344318799982
14335,2.111111111111111,0.0,-5.085880738919365e-24,3.836607879617091e-06,0.0,0.0,20,-2.113066666087349e-12,1.4266827309998007,10,94.08344318799982
15486,2.111111111111111,0.0,-5.085880738919365e-24,3.836607879617091e-06,0.0,0.0,20,-2.113066666087349e-12,1.5361669249998613,10,94.08344318799982
16728,2.111111111111111,0.0,-5.085880738919365e-24,3.836607879617091e-06,0.0,0.0,20,-2.113066666087349e-12,1.6541180570000051,10,94.08344318799982
18071,2.111111111111111,0.0,-5.085880738919365e-24,3.836607879617091e-06,0.0,0.0,20,-2.113066666087349e-12,1.7814072489998125,10,94.08344318799982
19521,2.111111111111111,0.0,-5.085880738919365e-24,3.836607879617091e-06,0.0,0.0,20,-2.113066666087349e-12,1.9186710679998669,10,94.08344318799982
21087,2.111111111111111,0.0,-5.085880738919365e-24,3.836607879617091e-06,0.0,0.0,20,-2.113066666087349e-12,2.066665546999957,10,94.08344318799982
22779,2.111111111111111,0.0,-5.085880738919365e-24,3.836607879617091e-06,0.0,0.0,20,-2.113066666087349e-12,2.2268297229998097,10,94.08344318799982
24607,2.111111111111111,0.0,-5.085880738919365e-24,3.836607879617091e-06,0.0,0.0,20,-2.113066666087349e-12,2.3994967379999252,10,94.08344318799982
26581,2.111111111111111,0.0,-5.085880738919365e-24,3.836607879617091e-06,0.0,0.0,20,-2.113066666087349e-12,2.58639350999988,10,94.08344318799982
28714,2.111111111111111,0.0,-5.085880738919365e-24,3.836607879617091e-06,0.0,0.0,20,-2.113066666087349e-12,2.7884473599999637,10,94.08344318799982
31018,2.111111111111111,0.0,-5.085880738919365e-24,3.836607879617091e-06,0.0,0.0,20,-2.113066666087349e-12,3.0062014379998345,10,94.08344318799982
33507,2.111111111111111,0.0,-5.085880738919365e-24,3.836607879617091e-06,0.0,0.0,20,-2.113066666087349e-12,3.2412367439999343,10,94.08344318799982
36195,2.111111111111111,0.0,-5.085880738919365e-24,3.836607879617091e-06,0.0,0.0,20,-2.113066666087349e-12,3.494962176999934,10,94.08344318799982
39100,2.111111111111111,0.0,-5.085880738919365e-24,3.836607879617091e-06,0.0,0.0,20,-2.113066666087349e-12,3.7692274859998633,10,94.08344318799982
42237,2.111111111111111,0.0,-5.085880738919365e-24,3.836607879617091e-06,0.0,0.0,20,-2.113066666087349e-12,4.065335122999841,10,94.08344318799982
45626,2.111111111111111,0.0,-5.085880738919365e-24,3.836607879617091e-06,0.0,0.0,20,-2.113066666087349e-12,4.385474945999931,10,94.08344318799982
49287,2.111111111111111,0.0,-5.085880738919365e-24,3.836607879617091e-06,0.0,0.0,20,-2.113066666087349e-12,4.731646774999945,10,94.08344318799982
53242,2.111111111111111,0.0,-5.085880738919365e-24,3.836607879617091e-06,0.0,0.0,20,-2.113066666087349e-12,5.105800579999823,10,94.08344318799982
57514,2.111111111111111,0.0,-5.085880738919365e-24,3.836607879617091e-06,0.0,0.0,20,-2.113066666087349e-12,5.5090695599999435,10,94.08344318799982
62129,2.111111111111111,0.0,-5.085880738919365e-24,3.836607879617091e-06,0.0,0.0,20,-2.113066666087349e-12,5.944019735999973,10,94.08344318799982
67114,2.111111111111111,0.0,-5.085880738919365e-24,3.836607879617091e-06,0.0,0.0,20,-2.113066666087349e-12,6.4161974069998,10,94.08344318799982
72499,2.111111111111111,0.0,-5.085880738919365e-24,3.836607879617091e-06,0.0,0.0,20,-2.113066666087349e-12,6.92371067199997,10,94.08344318799982
78316,2.111111111111111,0.0,-5.085880738919365e-24,3.836607879617091e-06,0.0,0.0,20,-2.113066666087349e-12,7.472126892000006,10,94.08344318799982
84600,2.111111111111111,0.0,-5.085880738919365e-24,3.836607879617091e-06,0.0,0.0,20,-2.113066666087349e-12,8.063760244999912,10,94.08344318799982
91388,2.111111111111111,0.0,-5.085880738919365e-24,3.836607879617091e-06,0.0,0.0,20,-2.113066666087349e-12,8.702373931000011,10,94.08344318799982
98721,2.111111111111111,0.0,-5.085880738919365e-24,3.836607879617091e-06,0.0,0.0,20,-2.113066666087349e-12,9.391968418999795,10,94.08344318799982
100000,2.111111111111111,0.0,-5.085880738919365e-24,3.836607879617091e-06,0.0,0.0,20,-2.113066666087349e-12,9.512682901999824,10,94.08344318799982
106643,2.111111111111111,0.0,-5.085880738919365e-24,3.836607879617091e-06,0.0,0.0,20,-2.113066666087349e-12,10.135928009999816,10,94.08344318799982
115200,2.111111111111111,0.0,-5.085880738919365e-24,3.836607879617091e-06,0.0,0.0,20,-2.113066666087349e-12,10.941809271000011,10,94.08344318799982
124443,2.111111111111111,0.0,-5.085880738919365e-24,3.836607879617091e-06,0.0,0.0,20,-2.113066666087349e-12,11.809873253999967,10,94.08344318799982
134428,2.111111111111111,0.0,-5.085880738919365e-24,3.836607879617091e-06,0.0,0.0,20,-2.113066666087349e-12,12.747675025999797,10,94.08344318799982
145214,2.111111111111111,0.0,-5.085880738919365e-24,3.836607879617091e-06,0.0,0.0,20,-2.113066666087349e-12,13.759679436999932,10,94.08344318799982
156866,2.111111111111111,0.0,-5.085880738919365e-24,3.836607879617091e-06,0.0,0.0,20,-2.113066666087349e-12,14.850568676999956,10,94.08344318799982
169453,2.111111111111111,0.0,-5.085880738919365e-24,3.836607879617091e-06,0.0,0.0,20,-2.113066666087349e-12,16.029688803,10,94.08344318799982
183050,2.111111111111111,0.0,-5.085880738919365e-24,3.836607879617091e-06,0.0,0.0,20,-2.113066666087349e-12,17.309622535000017,10,94.08344318799982
197737,2.111111111111111,0.0,-5.085880738919365e-24,3.836607879617091e-06,0.0,0.0,20,-2.113066666087349e-12,18.689752081999814,10,94.08344318799982
213603,2.111111111111111,0.0,-5.085880738919365e-24,3.836607879617091e-06,0.0,0.0,20,-2.113066666087349e-12,20.176726642999938,10,94.08344318799982
230742,2.111111111111111,0.0,-5.085880738919365e-24,3.836607879617091e-06,0.0,0.0,20,-2.113066666087349e-12,21.78597733699985,10,94.08344318799982
249257,2.111111111111111,0.0,-5.085880738919365e-24,3.836607879617091e-06,0.0,0.0,20,-2.113066666087349e-12,23.525285139999824,10,94.08344318799982
269257,2.111111111111111,0.0,-5.085880738919365e-24,3.836607879617091e-06,0.0,0.0,20,-2.113066666087349e-12,25.40977206499997,10,94.08344318799982
290862,2.111111111111111,0.0,-5.085880738919365e-24,3.836607879617091e-06,0.0,0.0,20,-2.113066666087349e-12,27.428523135999967,10,94.08344318799982
314200,2.111111111111111,0.0,-5.085880738919365e-24,3.836607879617091e-06,0.0,0.0,20,-2.113066666087349e-12,29.61675173499998,10,94.08344318799982
339411,2.111111111111111,0.0,-5.085880738919365e-24,3.836607879617091e-06,0.0,0.0,20,-2.113066666087349e-12,31.968487864999815,10,94.08344318799982
366645,2.111111111111111,0.0,-5.085880738919365e-24,3.836607879617091e-06,0.0,0.0,20,-2.113066666087349e-12,34.52073582799994,10,94.08344318799982
396063,2.111111111111111,0.0,-5.085880738919365e-24,3.836607879617091e-06,0.0,0.0,20,-2.113066666087349e-12,37.27694961299994,10,94.08344318799982
427843,2.111111111111111,0.0,-5.085880738919365e-24,3.836607879617091e-06,0.0,0.0,20,-2.113066666087349e-12,40.2638268369999,10,94.08344318799982
462172,2.111111111111111,0.0,-5.085880738919365e-24,3.836607879617091e-06,0.0,0.0,20,-2.113066666087349e-12,43.4952546049999,10,94.08344318799982
499256,2.111111111111111,0.0,-5.085880738919365e-24,3.836607879617091e-06,0.0,0.0,20,-2.113066666087349e-12,46.99184843599983,10,94.08344318799982
539316,2.111111111111111,0.0,-5.085880738919365e-24,3.836607879617091e-06,0.0,0.0,20,-2.113066666087349e-12,50.760131125999806,10,94.08344318799982
582590,2.111111111111111,0.0,-5.085880738919365e-24,3.836607879617091e-06,0.0,0.0,20,-2.113066666087349e-12,54.84843061799984,10,94.08344318799982
629336,2.111111111111111,0.0,-5.085880738919365e-24,3.836607879617091e-06,0.0,0.0,20,-2.113066666087349e-12,59.29372757399983,10,94.08344318799982
679832,2.111111111111111,0.0,-5.085880738919365e-24,3.836607879617091e-06,0.0,0.0,20,-2.113066666087349e-12,64.05959175199996,10,94.08344318799982
734381,2.111111111111111,0.0,-5.085880738919365e-24,3.836607879617091e-06,0.0,0.0,20,-2.113066666087349e-12,69.19997071099988,10,94.08344318799982
793307,2.111111111111111,0.0,-5.085880738919365e-24,3.836607879617091e-06,0.0,0.0,20,-2.113066666087349e-12,74.74912062599992,10,94.08344318799982
856960,2.111111111111111,0.0,-5.085880738919365e-24,3.836607879617091e-06,0.0,0.0,20,-2.113066666087349e-12,80.75804409599982,10,94.08344318799982
925721,2.111111111111111,0.0,-5.085880738919365e-24,3.836607879617091e-06,0.0,0.0,20,-2.113066666087349e-12,87.21271620499988,10,94.08344318799982
1000000,2.111111111111111,0.0,-5.085880738919365e-24,3.836607879617091e-06,0.0,0.0,20,-2.113066666087349e-12,94.08338453800002,10,94.08344318799982
