run_key,problem,method,status,m,n,p,lambda,initial_objective,iterations,final_objective,final_residual,support_size,raw_nonzero_count,classification_support_threshold,thresholded_tail_norm,lambda_min,relative_lambda_min,numerical_locmin,runtime_total,runtime_algorithm,diagnostic_time,verification_calls,scheduled_verifications,forced_final_verifications,accepted_corrections,eligible_iterations,mean_verify_support,max_verify_support,eig_time,probe_time,verification_time,verification_time_fraction,gamma,kappa0,sigma,eta_lower_bound,log10_theoretical_correction_bound,regime,seed,iteration_cap,timing_repeats,runtime_algorithm_min,runtime_algorithm_max,runtime_algorithm_q25,runtime_algorithm_q75
ordinary_n50_p0.3_seed1101,random_gaussian_n50_m40_p0.3_seed1101,FB,converged,40,50,0.3,0.05,20.05402766656608,2024,2.0757952064858163,9.830519191276212e-12,26,26,0.044869644102013204,0.0,0.0560766177799537,0.01876560680940154,True,0.1589942069999779,0.1588053469999977,0.0001917700000149125,0,0,0,0,0,,,0.0,0.0,0.0,0.0,0.23712230871271595,,,,,ordinary,1101,10000,3,0.15042374800009384,0.17897700299999997,0.15461454750004577,0.16889117499999884
ordinary_n50_p0.3_seed1101,random_gaussian_n50_m40_p0.3_seed1101,4V-FB,converged,40,50,0.3,0.05,20.05402766656608,2024,2.0757952064858163,9.830519191276212e-12,26,26,0.044869644102013204,0.0,0.0560766177799537,0.01876560680940154,True,0.17477143500002512,0.17458094500000243,0.00019049000002269167,11,10,1,0,686,26.0,26.0,0.0008625999998912448,0.00012343999992481258,0.0012504189999162918,0.007154595943645551,0.23712230871271595,7.54238759253568e-36,1.5713307484449333e-37,0.044869644102013204,43.4981235015154,ordinary,1101,10000,3,0.15793148700004167,0.7760276159999648,0.16625621600002205,0.47530428049998363
ordinary_n50_p0.3_seed1102,random_gaussian_n50_m40_p0.3_seed1102,FB,converged,40,50,0.3,0.05,20.785731464921756,1796,2.5591978562276787,9.746275651542161e-12,25,25,0.04459873524938568,0.0,0.06033301523658607,0.021209754006675432,True,0.10453756399999747,0.10437689399998362,0.0001373900000771755,0,0,0,0,0,,,0.0,0.0,0.0,0.0,0.23469361564080307,,,,,ordinary,1102,10000,3,0.10395276399992781,0.10442176499998368,0.10416482899995572,0.10439932949998365
ordinary_n50_p0.3_seed1102,random_gaussian_n50_m40_p0.3_seed1102,4V-FB,converged,40,50,0.3,0.05,20.785731464921756,1796,2.5591978562276787,9.746275651542161e-12,25,25,0.04459873524938568,0.0,0.06033301523658607,0.021209754006675432,True,0.11070801400012442,0.11056116400004612,0.00016364999999041174,11,10,1,0,647,25.0,25.0,0.0005663199997343327,0.00011386999995011138,0.0008657900001480812,0.00782341299446044,0.23469361564080307,4.847931957909663e-36,1.009985824564513e-37,0.04459873524938568,43.71615986197914,ordinary,1102,10000,3,0.11050288400008412,0.11150776399995266,0.11053202400006512,0.11103446399999939
ordinary_n50_p0.3_seed1103,random_gaussian_n50_m40_p0.3_seed1103,FB,converged,40,50,0.3,0.05,16.472488919048764,1228,2.92323679036431,9.75014898300322e-12,23,23,0.040948258042140855,0.0,0.08209522852671962,0.024643877193641615,True,0.09182244699991315,0.09168286699991768,0.0001395799999954761,0,0,0,0,0,,,0.0,0.0,0.0,0.0,0.20297997094055717,,,,,ordinary,1103,10000,3,0.09162199599995802,0.09216180700002496,0.09165243149993785,0.09192233699997132
ordinary_n50_p0.3_seed1103,random_gaussian_n50_m40_p0.3_seed1103,4V-FB,converged,40,50,0.3,0.05,16.472488919048764,1228,2.92323679036431,9.75014898300322e-12,23,23,0.040948258042140855,0.0,0.08209522852671962,0.024643877193641615,True,0.09685306599999421,0.09669383599998582,0.0001614500000641783,11,10,1,0,547,23.0,23.0,0.0005146100000956721,0.0001127700001006815,0.0008077399999137924,0.008339849560506847,0.20297997094055717,8.53686216970377e-35,1.7785129520216188e-36,0.040948258042140855,42.51776046618496,ordinary,1103,10000,3,0.09641061500008163,0.09691659600002822,0.09655222550003373,0.09680521600000702
ordinary_n50_p0.3_seed1104,random_gaussian_n50_m40_p0.3_seed1104,FB,converged,40,50,0.3,0.05,24.00934363652954,1697,2.026596163887179,9.847931441278809e-12,23,23,0.043255367156028776,0.0,0.06703461307602772,0.021049419897158857,True,0.12689200099998743,0.12674889100003384,0.0001435899999933099,0,0,0,0,0,,,0.0,0.0,0.0,0.0,0.2228029604871557,,,,,ordinary,1104,10000,3,0.12649789199997485,0.1281038219999573,0.12662339150000435,0.12742635649999556
ordinary_n50_p0.3_seed1104,random_gaussian_n50_m40_p0.3_seed1104,4V-FB,converged,40,50,0.3,0.05,24.00934363652954,1697,2.026596163887179,9.847931441278809e-12,23,23,0.043255367156028776,0.0,0.06703461307602772,0.021049419897158857,True,0.1333909400000266,0.13323045000004186,0.00016285000003790628,11,10,1,0,610,23.0,23.0,0.0005027799999197669,0.00011337999978877633,0.0007967000000235203,0.005972669508314143,0.2228029604871557,8.190400784866199e-37,1.7063334968471248e-38,0.043255367156028776,44.6041563602783,ordinary,1104,10000,3,0.13282137100009095,0.13398977999997896,0.1330259105000664,0.1336101150000104
ordinary_n50_p0.3_seed1105,random_gaussian_n50_m40_p0.3_seed1105,FB,converged,40,50,0.3,0.05,21.84350878870708,2413,3.3334223375631007,9.862524273409882e-12,28,28,0.04314074466631058,0.0,0.04148555148301393,0.012915335525053563,True,0.1806502229999296,0.18049968299999364,0.00015053999993597245,0,0,0,0,0,,,0.0,0.0,0.0,0.0,0.22180020135374923,,,,,ordinary,1105,10000,3,0.18030139399991185,0.18286574299997937,0.18040053849995275,0.1816827129999865
ordinary_n50_p0.3_seed1105,random_gaussian_n50_m40_p0.3_seed1105,4V-FB,converged,40,50,0.3,0.05,21.84350878870708,2413,3.3334223375631007,9.862524273409882e-12,28,28,0.04314074466631058,0.0,0.04148555148301393,0.012915335525053563,True,0.1899225119999528,0.18975843199996234,0.00016474999995352846,11,10,1,0,995,28.0,28.0,0.0005574399998522495,0.00011178000022482593,0.0008475900000348702,0.004478791599077586,0.22180020135374923,2.628365429096042e-36,5.475761310616754e-38,0.04314074466631058,44.06132734345258,ordinary,1105,10000,3,0.18908049200001642,0.1908733120000079,0.18941946199998938,0.19031587199998512
ordinary_n50_p0.5_seed1101,random_gaussian_n50_m40_p0.5_seed1101,FB,converged,40,50,0.5,0.05,19.627368734434185,2397,2.019125229050991,9.85616758177884e-12,27,27,0.025997501807746817,0.0,0.04574023425702079,0.01575171122602789,True,0.18120223400001123,0.18105068399995616,0.00015155000005506736,0,0,0,0,0,,,0.0,0.0,0.0,0.0,0.23712230871271595,,,,,ordinary,1101,10000,3,0.18049672299991926,0.18393528299998252,0.1807737034999377,0.18249298349996934
ordinary_n50_p0.5_seed1101,random_gaussian_n50_m40_p0.5_seed1101,4V-FB,converged,40,50,0.5,0.05,19.627368734434185,2397,2.019125229050991,9.85616758177884e-12,27,27,0.025997501807746817,0.0,0.04574023425702079,0.01575171122602789,True,0.19030750199988233,0.1901165319999336,0.00018152999996345898,11,10,1,0,841,27.0,27.0,0.0006202299999813476,0.00010423999992781319,0.0009126400001377988,0.00478869605868506,0.23712230871271595,6.527189524836518e-22,1.359831151007608e-23,0.025997501807746817,30.499650627453185,ordinary,1101,10000,3,0.18960477199993875,0.1904006219999701,0.18986065199993618,0.19025857699995186
ordinary_n50_p0.5_seed1102,random_gaussian_n50_m40_p0.5_seed1102,FB,converged,40,50,0.5,0.05,20.363296318396497,2984,2.6720988783220148,9.860073911596886e-12,28,28,0.02581968013081209,0.0,0.03370758695400418,0.011238174167626508,True,0.22404455800005962,0.2238939080000364,0.0001506500000232336,0,0,0,0,0,,,0.0,0.0,0.0,0.0,0.23469361564080307,,,,,ordinary,1102,10000,3,0.22364820699999655,0.2248718780000445,0.22377105750001647,0.22438289300004044
ordinary_n50_p0.5_seed1102,random_gaussian_n50_m40_p0.5_seed1102,4V-FB,converged,40,50,0.5,0.05,20.363296318396497,2984,2.6720988783220148,9.860073911596886e-12,28,28,0.02581968013081209,0.0,0.03370758695400418,0.011238174167626508,True,0.2348119460000362,0.2346494260000327,0.00016625000000658474,12,11,1,0,1155,28.0,28.0,0.0006219100002908817,0.00011067000014008954,0.0009256700000150886,0.003923493319086783,0.23469361564080307,5.044571322022995e-22,1.0509523587547906e-23,0.02581968013081209,30.639461621042763,ordinary,1102,10000,3,0.2345587350000642,0.23637776499992924,0.23460408050004844,0.23551359549998097
ordinary_n50_p0.5_seed1103,random_gaussian_n50_m40_p0.5_seed1103,FB,converged,40,50,0.5,0.05,16.051727314066248,3332,2.683652639347684,9.903383718545536e-12,27,27,0.02343790544659763,0.0,0.03166202796922752,0.008402465644929092,True,0.250469833000011,0.2503217930000119,0.00014803999999912776,0,0,0,0,0,,,0.0,0.0,0.0,0.0,0.20297997094055717,,,,,ordinary,1103,10000,3,0.24935575400002108,0.25102763300003517,0.2498387735000165,0.25067471300002353
ordinary_n50_p0.5_seed1103,random_gaussian_n50_m40_p0.5_seed1103,4V-FB,converged,40,50,0.5,0.05,16.051727314066248,3332,2.683652639347684,9.903383718545536e-12,27,27,0.02343790544659763,0.0,0.03166202796922752,0.008402465644929092,True,0.2623695519998819,0.26219088199991347,0.00016573000004882488,12,11,1,0,1426,27.0,27.0,0.0006262500000957516,0.00011096000002908113,0.0009365900001512273,0.003564383874493524,0.20297997094055717,2.667523179600942e-21,5.557339957501963e-23,0.02343790544659763,29.980979617223262,ordinary,1103,10000,3,0.2615238409999847,0.26325988099995357,0.2618573614999491,0.2627253814999335
ordinary_n50_p0.5_seed1104,random_gaussian_n50_m40_p0.5_seed1104,FB,converged,40,50,0.5,0.05,23.581288143414387,2314,2.0946292228666454,9.798686459769352e-12,25,25,0.024940049552977732,0.0,0.04939630123771378,0.015525926349877433,True,0.17380764400002136,0.17366592400003356,0.00014289000000644592,0,0,0,0,0,,,0.0,0.0,0.0,0.0,0.2228029604871557,,,,,ordinary,1104,10000,3,0.1734346350000351,0.17470968500003892,0.17355027950003432,0.17418780450003624
ordinary_n50_p0.5_seed1104,random_gaussian_n50_m40_p0.5_seed1104,4V-FB,converged,40,50,0.5,0.05,23.581288143414387,2314,2.0946292228666454,9.798686459769352e-12,25,25,0.024940049552977732,0.0,0.04939630123771378,0.015525926349877433,True,0.1831387629999881,0.1829761230000031,0.00016263999998500367,11,10,1,0,832,25.0,25.0,0.0005310899998676177,0.00010110000016538834,0.000806889999807936,0.004396323942718745,0.2228029604871557,1.806293381757409e-22,3.7631112119946024e-24,0.024940049552977732,31.209431223582392,ordinary,1104,10000,3,0.18254959299997608,0.18385085299996717,0.1827628579999896,0.18341348799998514
ordinary_n50_p0.5_seed1105,random_gaussian_n50_m40_p0.5_seed1105,FB,converged,40,50,0.5,0.05,21.435113049284094,2359,2.489274057989382,9.868384432987464e-12,32,32,0.024865162279128793,0.0,0.04531290826317945,0.013220725080252163,True,0.17408565400000953,0.17392246400004296,0.0001558699999577584,0,0,0,0,0,,,0.0,0.0,0.0,0.0,0.22180020135374923,,,,,ordinary,1105,10000,3,0.1730305449999605,0.17418340500000795,0.17347650450000174,0.17405293450002546
ordinary_n50_p0.5_seed1105,random_gaussian_n50_m40_p0.5_seed1105,4V-FB,converged,40,50,0.5,0.05,21.435113049284094,2359,2.489274057989382,9.868384432987464e-12,32,32,0.024865162279128793,0.0,0.04531290826317945,0.013220725080252163,True,0.18318660299996736,0.18301396299989392,0.00017264000007344293,11,10,1,0,910,32.0,32.0,0.0006114399997159126,0.00010259999987738411,0.0008876800001189622,0.004884834448577384,0.22180020135374923,3.522738835042872e-22,7.33903923967265e-24,0.024865162279128793,30.883121376814394,ordinary,1105,10000,3,0.18155081400004747,0.18361480299995492,0.1822823884999707,0.18331438299992442
ordinary_n50_p0.8_seed1101,random_gaussian_n50_m40_p0.8_seed1101,FB,converged,40,50,0.8,0.05,19.250062908813586,6339,2.2028765573686515,9.929391765596469e-12,33,33,0.005785026415603991,0.0,0.015171314508869644,0.004384558847145801,True,0.47683045999997375,0.47666105999996944,0.0001730999999836058,0,0,0,0,0,,,0.0,0.0,0.0,0.0,0.23712230871271595,,,,,ordinary,1101,50000,3,0.4751751599999352,0.4831407090000539,0.4759181099999523,0.47990088450001167
ordinary_n50_p0.8_seed1101,random_gaussian_n50_m40_p0.8_seed1101,4V-FB,converged,40,50,0.8,0.05,19.250062908813586,6339,2.2028765573686515,9.929391765596469e-12,33,33,0.005785026415603991,0.0,0.015171314508869644,0.004384558847145801,True,0.5006704869999794,0.5004860569999892,0.00018827999997483857,13,12,1,0,2549,33.0,33.0,0.0008499499999743421,0.000134120000097937,0.0012033000002702465,0.002403377134291313,0.23712230871271595,1.922497952613154e-14,4.005204067944071e-16,0.005785026415603991,25.632586119045307,ordinary,1101,50000,3,0.4982660670000314,0.5035832759999721,0.4993760620000103,0.5020346664999806
ordinary_n50_p0.8_seed1102,random_gaussian_n50_m40_p0.8_seed1102,FB,converged,40,50,0.8,0.05,19.97992956750239,4459,2.8598587820709844,9.89763491350722e-12,32,32,0.005735607145322531,0.0,0.026212047386764307,0.00843798011891767,True,0.33541919100002815,0.33526115100005427,0.00015803999997388019,0,0,0,0,0,,,0.0,0.0,0.0,0.0,0.23469361564080307,,,,,ordinary,1102,50000,3,0.3347585110000182,0.3371709110000438,0.33500983100003623,0.33621603100004904
ordinary_n50_p0.8_seed1102,random_gaussian_n50_m40_p0.8_seed1102,4V-FB,converged,40,50,0.8,0.05,19.97992956750239,4459,2.8598587820709844,9.89763491350722e-12,32,32,0.005735607145322531,0.0,0.026212047386764307,0.00843798011891767,True,0.3510696179999968,0.35088538799993785,0.00018423000005896029,12,11,1,0,1490,32.0,32.0,0.0006750199999032702,0.00012185999969460681,0.0009932599998592195,0.002832785211684022,0.23469361564080307,1.6566058555180693e-14,3.4512621989959777e-16,0.005735607145322531,25.7282984097578,ordinary,1102,50000,3,0.35026130899996133,0.3529859180000585,0.3505733484999496,0.3519356529999982
ordinary_n50_p0.8_seed1103,random_gaussian_n50_m40_p0.8_seed1103,FB,converged,40,50,0.8,0.05,15.664467690992087,2853,2.652657399473015,9.90397393176527e-12,28,28,0.005082054549952968,0.0,0.04192390676776891,0.011207066069945436,True,0.21583903900000223,0.2156759490000013,0.00015876999998454266,0,0,0,0,0,,,0.0,0.0,0.0,0.0,0.20297997094055717,,,,,ordinary,1103,50000,3,0.2151660480000146,0.21616381800004092,0.21542099850000795,0.21591988350002111
ordinary_n50_p0.8_seed1103,random_gaussian_n50_m40_p0.8_seed1103,4V-FB,converged,40,50,0.8,0.05,15.664467690992087,2853,2.652657399473015,9.90397393176527e-12,28,28,0.005082054549952968,0.0,0.04192390676776891,0.011207066069945436,True,0.22583039699998153,0.22565957699998762,0.0001687900000888476,12,11,1,0,1075,28.0,28.0,0.0006209199999602788,0.00012295000021822489,0.0009490300001289143,0.0041800219621260185,0.20297997094055717,4.3846067161366975e-14,9.134597325284786e-16,0.005082054549952968,25.41006894437469,ordinary,1103,50000,3,0.2255488369999057,0.22687117699990722,0.22560420699994665,0.22626537699994742
ordinary_n50_p0.8_seed1104,random_gaussian_n50_m40_p0.8_seed1104,FB,converged,40,50,0.8,0.05,23.219093562611924,3617,2.146228373735404,9.890209989072126e-12,29,29,0.005492403877393048,0.0,0.0319794517400928,0.009423554318197313,True,0.27482697999994343,0.2746551999999838,0.00015704999998433777,0,0,0,0,0,,,0.0,0.0,0.0,0.0,0.2228029604871557,,,,,ordinary,1104,50000,3,0.27265422000004946,0.27747410899996794,0.2736547100000166,0.27606465449997586
ordinary_n50_p0.8_seed1104,random_gaussian_n50_m40_p0.8_seed1104,4V-FB,converged,40,50,0.8,0.05,23.219093562611924,3617,2.146228373735404,9.890209989072126e-12,29,29,0.005492403877393048,0.0,0.0319794517400928,0.009423554318197313,True,0.2869168180000088,0.28674862799994116,0.0001694300000281146,12,11,1,0,1287,29.0,29.0,0.0006410300001107316,0.0001222999998162777,0.00096250900026007,0.003364644592995927,0.2228029604871557,9.0827173439462e-15,1.8922327799887916e-16,0.005492403877393048,26.12982083959173,ordinary,1104,50000,3,0.2858828480000284,0.28676717799999096,0.2863157379999848,0.28675790299996606
ordinary_n50_p0.8_seed1105,random_gaussian_n50_m40_p0.8_seed1105,FB,converged,40,50,0.8,0.05,21.065861836426656,6358,2.6493972717160617,9.920269067126196e-12,33,33,0.005471796627982841,0.0,0.01915842482866685,0.0056475660730154085,True,0.48025744000005943,0.4800786200000857,0.00017902000001868146,0,0,0,0,0,,,0.0,0.0,0.0,0.0,0.22180020135374923,,,,,ordinary,1105,50000,3,0.4793788699998913,0.48209131000010075,0.4797287449999885,0.48108496500009323
ordinary_n50_p0.8_seed1105,random_gaussian_n50_m40_p0.8_seed1105,4V-FB,converged,40,50,0.8,0.05,21.065861836426656,6358,2.6493972717160617,9.920269067126196e-12,33,33,0.005471796627982841,0.0,0.01915842482866685,0.0056475660730154085,True,0.5051481859999285,0.5049492459999101,0.00019247900002028473,13,12,1,0,2161,33.0,33.0,0.0008520799997313588,0.00013468999975430052,0.001207350000072438,0.0023866633172246773,0.22180020135374923,1.3405377034871649e-14,2.792786882264927e-16,0.005471796627982841,25.925021645746433,ordinary,1105,50000,3,0.4995953659999941,0.5056811360000211,0.5022723059999521,0.5053151909999656
ordinary_n100_p0.3_seed1101,random_gaussian_n100_m80_p0.3_seed1101,FB,converged,80,100,0.3,0.05,47.44447685462522,1681,5.953100254624539,9.793247214535969e-12,48,48,0.042919537358617366,0.0,0.06269372177144908,0.021751925400300402,True,0.12857767199989212,0.12837794199992913,0.00020413999993706966,0,0,0,0,0,,,0.0,0.0,0.0,0.0,0.219870268576497,,,,,ordinary,1101,10000,3,0.1282752710000068,0.13001526099992589,0.12832660649996797,0.1291966014999275
ordinary_n100_p0.3_seed1101,random_gaussian_n100_m80_p0.3_seed1101,4V-FB,converged,80,100,0.3,0.05,47.44447685462522,1681,5.953100254624539,9.793247214535969e-12,48,48,0.042919537358617366,0.0,0.06269372177144908,0.021751925400300402,True,0.13597325000000637,0.13575479999997242,0.00021992000006321177,11,10,1,0,660,48.0,48.0,0.0009435890001441294,0.00013455000009798823,0.0012671089999685137,0.009367348723511406,0.219870268576497,9.204683715500877e-41,1.9176424407293495e-42,0.042919537358617366,48.86279790168097,ordinary,1101,10000,3,0.13503861099991354,0.13591029000008348,0.13539670549994298,0.13583254500002795
ordinary_n100_p0.3_seed1102,random_gaussian_n100_m80_p0.3_seed1102,FB,converged,80,100,0.3,0.05,35.28032883792947,7804,5.244109815406402,9.960377765034918e-12,50,50,0.04290552454900226,0.0,0.012059931987543952,0.00415165167145754,True,0.6027535719998696,0.6025150319999284,0.00023114999999052088,0,0,0,0,0,,,0.0,0.0,0.0,0.0,0.21974824718145045,,,,,ordinary,1102,10000,3,0.5975795319999406,0.6051669409999931,0.6000472819999345,0.6038409864999608
ordinary_n100_p0.3_seed1102,random_gaussian_n100_m80_p0.3_seed1102,4V-FB,converged,80,100,0.3,0.05,35.28032883792947,7804,5.244109815406402,9.960377765034918e-12,50,50,0.04290552454900226,0.0,0.012059931987543952,0.00415165167145754,True,0.6268208780001032,0.6265742080000791,0.000233939999930044,13,12,1,0,3438,50.0,50.0,0.0011812999999847307,0.00016376999997191888,0.0015787599999157464,0.002518678071082831,0.21974824718145045,3.554100221689271e-39,7.404375461852648e-41,0.04290552454900226,47.14799132799093,ordinary,1102,10000,3,0.6264125989999911,0.6305336880000141,0.6264934035000351,0.6285539480000466
ordinary_n100_p0.3_seed1103,random_gaussian_n100_m80_p0.3_seed1103,FB,converged,80,100,0.3,0.05,47.648327543248435,3004,5.220134124512306,9.866803374619506e-12,53,53,0.043364027314927105,0.0,0.03738783228046507,0.01163544785177621,True,0.23376616600000943,0.2335439859999724,0.00022629000000051747,0,0,0,0,0,,,0.0,0.0,0.0,0.0,0.2237552780401519,,,,,ordinary,1103,10000,3,0.23188350599991736,0.23488107499997568,0.23271374599994488,0.23421253049997404
ordinary_n100_p0.3_seed1103,random_gaussian_n100_m80_p0.3_seed1103,4V-FB,converged,80,100,0.3,0.05,47.648327543248435,3004,5.220134124512306,9.866803374619506e-12,53,53,0.043364027314927105,0.0,0.03738783228046507,0.01163544785177621,True,0.24393003500006216,0.24369248499999685,0.0002403700000286335,12,11,1,0,1090,53.0,53.0,0.0011156200000641547,0.00014193999982126115,0.0014715600001409257,0.006032713438263356,0.2237552780401519,8.730602448267885e-41,1.8188755100558092e-42,0.043364027314927105,48.869726248750574,ordinary,1103,10000,3,0.2435650639999949,0.24525248399993416,0.24362877449999587,0.2444724844999655
ordinary_n100_p0.3_seed1104,random_gaussian_n100_m80_p0.3_seed1104,FB,converged,80,100,0.3,0.05,38.3760465098416,2848,4.830042035850061,9.7992064607754e-12,50,50,0.04141769819904496,0.0,0.05013779325609775,0.017088074627770584,True,0.220708467999998,0.2204901280000513,0.00021417000004930742,0,0,0,0,0,,,0.0,0.0,0.0,0.0,0.20695174049081538,,,,,ordinary,1104,10000,3,0.21998724799993852,0.22205601699999988,0.2202386879999949,0.2212730725000256
ordinary_n100_p0.3_seed1104,random_gaussian_n100_m80_p0.3_seed1104,4V-FB,converged,80,100,0.3,0.05,38.3760465098416,2848,4.830042035850061,9.7992064607754e-12,50,50,0.04141769819904496,0.0,0.05013779325609775,0.017088074627770584,True,0.23185790600007294,0.23162712600003488,0.00023078000003806665,11,10,1,0,880,50.0,50.0,0.0009704300001658339,0.0001319900002272334,0.0013069500000710832,0.005636857602218973,0.20695174049081538,1.2595705924980901e-39,2.624105401037688e-41,0.04141769819904496,47.69633511994331,ordinary,1104,10000,3,0.2308317460000353,0.2316378259999965,0.2312294360000351,0.23163247600001569
ordinary_n100_p0.3_seed1105,random_gaussian_n100_m80_p0.3_seed1105,FB,converged,80,100,0.3,0.05,46.49983637521647,2812,5.331828613715636,9.931482090908588e-12,56,56,0.044133215799011846,0.0,0.02781645524415255,0.009062669741548152,True,0.2167903679999199,0.21655524799996329,0.00023511999995662336,0,0,0,0,0,,,0.0,0.0,0.0,0.0,0.23054432065010588,,,,,ordinary,1105,10000,3,0.2159985079999842,0.2262589569999136,0.21627687799997375,0.22140710249993845
ordinary_n100_p0.3_seed1105,random_gaussian_n100_m80_p0.3_seed1105,4V-FB,converged,80,100,0.3,0.05,46.49983637521647,2812,5.331828613715636,9.931482090908588e-12,56,56,0.044133215799011846,0.0,0.02781645524415255,0.009062669741548152,True,0.22886503600000196,0.2286224059999995,0.0002441399999497662,12,11,1,0,1429,56.0,56.0,0.0011778699998785669,0.00014091999992160709,0.001535760000024311,0.006751202736133268,0.23054432065010588,1.1795901397349477e-40,2.457479457781141e-42,0.044133215799011846,48.69789923332126,ordinary,1105,10000,3,0.2272353270000167,0.22890499700008604,0.2279288665000081,0.22876370150004277
ordinary_n100_p0.5_seed1101,random_gaussian_n100_m80_p0.5_seed1101,FB,converged,80,100,0.5,0.05,46.61347118308591,2466,5.27708456209272,9.855104430123325e-12,51,51,0.024720714094352007,0.0,0.044505063079326175,0.015805518878049592,True,0.19024090200002775,0.19003079200001594,0.00021011000001180946,0,0,0,0,0,,,0.0,0.0,0.0,0.0,0.219870268576497,,,,,ordinary,1101,10000,3,0.18965386200000012,0.19441207099998792,0.18984232700000803,0.19222143150000193
ordinary_n100_p0.5_seed1101,random_gaussian_n100_m80_p0.5_seed1101,4V-FB,converged,80,100,0.5,0.05,46.61347118308591,2466,5.27708456209272,9.855104430123325e-12,51,51,0.024720714094352007,0.0,0.044505063079326175,0.015805518878049592,True,0.20051589000001968,0.2002853999999843,0.00023049000003538822,11,10,1,0,925,51.0,51.0,0.0010077799998953196,0.00011746000018320046,0.0013232099997821933,0.0065977298577531325,0.219870268576497,7.658630381744491e-25,1.595547996196769e-26,0.024720714094352007,33.893357524686905,ordinary,1101,10000,3,0.19936188099995888,0.20142298100006428,0.1998236404999716,0.2008541905000243
ordinary_n100_p0.5_seed1102,random_gaussian_n100_m80_p0.5_seed1102,FB,converged,80,100,0.5,0.05,34.43011403597822,3788,4.621859175909046,9.837986057114358e-12,49,49,0.02471156707896033,0.0,0.0693156781099437,0.02404447444066465,True,0.2953434070000185,0.29510036700003184,0.00023595999994086014,0,0,0,0,0,,,0.0,0.0,0.0,0.0,0.21974824718145045,,,,,ordinary,1102,10000,3,0.29486857699998836,0.29646521699999084,0.2949844720000101,0.29578279200001134
ordinary_n100_p0.5_seed1102,random_gaussian_n100_m80_p0.5_seed1102,4V-FB,converged,80,100,0.5,0.05,34.43011403597822,3788,4.621859175909046,9.837986057114358e-12,49,49,0.02471156707896033,0.0,0.0693156781099437,0.02404447444066465,True,0.31028443399998196,0.31003746399994725,0.0002354899999090776,11,10,1,0,599,49.0,49.0,0.0009766000000581698,0.00011840000024676556,0.0012856000003012014,0.004128144565190592,0.21974824718145045,6.385015041919314e-24,1.3302114670665238e-25,0.02471156707896033,32.841416625907335,ordinary,1102,10000,3,0.3086528649999991,0.3133960840000327,0.3093451644999732,0.31171677399999
ordinary_n100_p0.5_seed1103,random_gaussian_n100_m80_p0.5_seed1103,FB,converged,80,100,0.5,0.05,46.80130638061269,2828,5.110292884332067,9.858596273693948e-12,54,54,0.025011065842966376,0.0,0.03718929467459106,0.011716713176833165,True,0.22029273800001192,0.22006512799998745,0.00022761000002446963,0,0,0,0,0,,,0.0,0.0,0.0,0.0,0.2237552780401519,,,,,ordinary,1103,10000,3,0.21960888800003886,0.222034127000029,0.21983700800001316,0.22104962750000823
ordinary_n100_p0.5_seed1103,random_gaussian_n100_m80_p0.5_seed1103,4V-FB,converged,80,100,0.5,0.05,46.80130638061269,2828,5.110292884332067,9.858596273693948e-12,54,54,0.025011065842966376,0.0,0.03718929467459106,0.011716713176833165,True,0.23140776699995058,0.23116193699991072,0.00024115999997320614,12,11,1,0,1100,54.0,54.0,0.0011591100000032384,0.00012877000006028538,0.0014952400000538546,0.006458864398101023,0.2237552780401519,7.4460404874991705e-25,1.5512584348956606e-26,0.025011065842966376,33.887045021795586,ordinary,1103,10000,3,0.23114348699994025,0.2312614060000442,0.2311527119999255,0.23121167149997746
ordinary_n100_p0.5_seed1104,random_gaussian_n100_m80_p0.5_seed1104,FB,converged,80,100,0.5,0.05,37.54148762487972,5643,4.972766644947515,9.956755036283119e-12,59,59,0.02374266123988096,0.0,0.018516048503655114,0.005639601164532291,True,0.4405859060000239,0.4403289560000303,0.0002529699999058721,0,0,0,0,0,,,0.0,0.0,0.0,0.0,0.20695174049081538,,,,,ordinary,1104,10000,3,0.4346408059999476,0.4418647149999515,0.43748488099998895,0.4410968354999909
ordinary_n100_p0.5_seed1104,random_gaussian_n100_m80_p0.5_seed1104,4V-FB,converged,80,100,0.5,0.05,37.54148762487972,5643,4.972766644947515,9.956755036283119e-12,59,59,0.02374266123988096,0.0,0.018516048503655114,0.005639601164532291,True,0.4571063729999878,0.45683782299988707,0.00026855000010073127,13,12,1,0,2392,59.0,59.0,0.0013594499999953769,0.00013666999984707218,0.0017237200000863595,0.003760380199843679,0.20695174049081538,3.4845831860732046e-24,7.259548304319176e-26,0.02374266123988096,33.21148429453079,ordinary,1104,10000,3,0.45619464299988977,0.4583570329999702,0.4565162329998884,0.45759742799992864
ordinary_n100_p0.5_seed1105,random_gaussian_n100_m80_p0.5_seed1105,FB,converged,80,100,0.5,0.05,45.680117462619975,3025,5.205946146539118,9.887340808904017e-12,56,56,0.025514454797122627,0.0,0.04262279742943279,0.013474929674878842,True,0.236192944999857,0.2359615450000092,0.00023262999980033783,0,0,0,0,0,,,0.0,0.0,0.0,0.0,0.23054432065010588,,,,,ordinary,1105,10000,3,0.23585034500001711,0.23805122500016296,0.23590594500001316,0.23700638500008608
ordinary_n100_p0.5_seed1105,random_gaussian_n100_m80_p0.5_seed1105,4V-FB,converged,80,100,0.5,0.05,45.680117462619975,3025,5.205946146539118,9.887340808904017e-12,56,56,0.025514454797122627,0.0,0.04262279742943279,0.013474929674878842,True,0.24685597400025472,0.246611724000104,0.0002468999998654908,11,10,1,0,930,56.0,56.0,0.001090200000362529,0.00011723000034180586,0.001404699999739023,0.005708865713362811,0.23054432065010588,8.82349683447482e-25,1.8382285071822542e-26,0.025514454797122627,33.768182544777744,ordinary,1105,10000,3,0.2458070539998971,0.2466774639999585,0.24620938900000056,0.24664459400003125
ordinary_n100_p0.8_seed1101,random_gaussian_n100_m80_p0.8_seed1101,FB,converged,80,100,0.8,0.05,45.86449852314074,6741,4.960862665602466,9.955159839051022e-12,63,63,0.00543209166359092,0.0,0.013303742494471815,0.004001617368514632,True,0.529478293000011,0.5292202030000226,0.0002637899999626825,0,0,0,0,0,,,0.0,0.0,0.0,0.0,0.219870268576497,,,,,ordinary,1101,50000,3,0.5263815629998589,0.529260382000075,0.5278008829999408,0.5292402925000488
ordinary_n100_p0.8_seed1101,random_gaussian_n100_m80_p0.8_seed1101,4V-FB,converged,80,100,0.8,0.05,45.86449852314074,6741,4.960862665602466,9.955159839051022e-12,63,63,0.00543209166359092,0.0,0.013303742494471815,0.004001617368514632,True,0.5529723490001288,0.5527011690001018,0.0002711800000270159,13,12,1,0,3139,63.0,63.0,0.0015661800000543735,0.0001558799995109439,0.001966280000488041,0.00354709128437504,0.219870268576497,2.983076171039686e-16,6.214742022999346e-18,0.00543209166359092,27.928185184502993,ordinary,1101,50000,3,0.5501736000001074,0.5540648890000739,0.5514373845001046,0.5533830290000878
ordinary_n100_p0.8_seed1102,random_gaussian_n100_m80_p0.8_seed1102,FB,converged,80,100,0.8,0.05,33.67103617423913,8285,4.601712388583795,9.959604236702241e-12,64,64,0.005429579340953217,0.0,0.011710769460521547,0.0035495388392701634,True,0.646455984999875,0.6461791049998737,0.0002674400000159949,0,0,0,0,0,,,0.0,0.0,0.0,0.0,0.21974824718145045,,,,,ordinary,1102,50000,3,0.6377184569998917,0.6467981749999581,0.6419487809998827,0.6464886399999159
ordinary_n100_p0.8_seed1102,random_gaussian_n100_m80_p0.8_seed1102,4V-FB,converged,80,100,0.8,0.05,33.67103617423913,8285,4.601712388583795,9.959604236702241e-12,64,64,0.005429579340953217,0.0,0.011710769460521547,0.0035495388392701634,True,0.6664035019998664,0.6661179719999382,0.00028522000002340064,13,12,1,0,3565,64.0,64.0,0.0015722000000550906,0.00015532900010839512,0.001977440000473507,0.002945157212251127,0.21974824718145045,1.026936539225343e-15,2.1394511233861313e-17,0.005429579340953217,27.2578893770893,ordinary,1102,50000,3,0.6652852529998654,0.6713399019999997,0.6657016124999018,0.6687289369999689
ordinary_n100_p0.8_seed1103,random_gaussian_n100_m80_p0.8_seed1103,FB,converged,80,100,0.8,0.05,46.04627282900751,4397,5.22052883581,9.94005088756822e-12,61,61,0.00551196021786109,0.0,0.02677309015617487,0.007975770065354432,True,0.34235896999985016,0.3421104799999739,0.00024848999987625575,0,0,0,0,0,,,0.0,0.0,0.0,0.0,0.2237552780401519,,,,,ordinary,1103,50000,3,0.3412574000001314,0.3450558990000445,0.34168394000005264,0.3435831895000092
ordinary_n100_p0.8_seed1103,random_gaussian_n100_m80_p0.8_seed1103,4V-FB,converged,80,100,0.8,0.05,46.04627282900751,4397,5.22052883581,9.94005088756822e-12,61,61,0.00551196021786109,0.0,0.02677309015617487,0.007975770065354432,True,0.35889306800004306,0.3586251879999054,0.0002621000000999629,12,11,1,0,1528,61.0,61.0,0.0013912000003983849,0.00014005999992150464,0.0017496199998277007,0.004882049091307815,0.2237552780401519,2.936249674845019e-16,6.11718682259379e-18,0.00551196021786109,27.911418440393287,ordinary,1103,50000,3,0.3581185769999138,0.36047178700005134,0.3583718824999096,0.35954848749997836
ordinary_n100_p0.8_seed1104,random_gaussian_n100_m80_p0.8_seed1104,FB,converged,80,100,0.8,0.05,36.80019123144097,15621,4.767442895733099,9.982545339505588e-12,67,67,0.005164788837464265,0.0,0.006328606201328082,0.001578376196435046,True,1.2114212330002374,1.2111221330001172,0.0002950599998712278,0,0,0,0,0,,,0.0,0.0,0.0,0.0,0.20695174049081538,,,,,ordinary,1104,50000,3,1.2088392129999193,1.2137931120000758,1.2099806730000182,1.2124576225000965
ordinary_n100_p0.8_seed1104,random_gaussian_n100_m80_p0.8_seed1104,4V-FB,converged,80,100,0.8,0.05,36.80019123144097,15621,4.767442895733099,9.982545339505588e-12,67,67,0.005164788837464265,0.0,0.006328606201328082,0.001578376196435046,True,1.2607666660001087,1.2604747660000157,0.00029190000009293726,14,13,1,0,7014,67.0,67.0,0.0018195100001321407,0.00016735000031076197,0.0022649899995030864,0.0017948221067313054,0.20695174049081538,7.197304625845907e-16,1.4994384637178973e-17,0.005164788837464265,27.537711147964885,ordinary,1104,50000,3,1.257297546000018,1.2616601849999824,1.2588861560000169,1.261067475499999
ordinary_n100_p0.8_seed1105,random_gaussian_n100_m80_p0.8_seed1105,FB,converged,80,100,0.8,0.05,44.93587200339014,8136,5.181698331037024,9.952053253711564e-12,64,64,0.005650978965839682,0.0,0.012137122613469565,0.0036469781370114824,True,0.6290595479999865,0.6287997479998921,0.0002621300000100746,0,0,0,0,0,,,0.0,0.0,0.0,0.0,0.23054432065010588,,,,,ordinary,1105,50000,3,0.6265006680000624,0.6297885080000469,0.6276502079999773,0.6292941279999695
ordinary_n100_p0.8_seed1105,random_gaussian_n100_m80_p0.8_seed1105,4V-FB,converged,80,100,0.8,0.05,44.93587200339014,8136,5.181698331037024,9.952053253711564e-12,64,64,0.005650978965839682,0.0,0.012137122613469565,0.0036469781370114824,True,0.6554366740001569,0.6551650740000241,0.00027160000013282115,13,12,1,0,3281,64.0,64.0,0.0015658000002076733,0.00015133000033529243,0.001951629999666693,0.002977602683956964,0.23054432065010588,3.237412535358942e-16,6.7446094486644624e-18,0.005650978965839682,27.815141604150018,ordinary,1105,50000,3,0.6542670449998695,0.6573311040001499,0.6547160594999468,0.656248089000087
ordinary_n200_p0.3_seed1101,random_gaussian_n200_m160_p0.3_seed1101,FB,converged,160,200,0.3,0.05,83.90253461898565,3557,11.364440780249618,9.910104360254503e-12,103,103,0.04374362098632958,0.0,0.0289990873765705,0.009185404806639607,True,0.29818983599989224,0.29771232600000985,0.0004775099998823862,0,0,0,0,0,,,0.0,0.0,0.0,0.0,0.22709522026163687,,,,,ordinary,1101,10000,3,0.2970631470000171,0.32918606200018985,0.2973877365000135,0.31344919400009985
ordinary_n200_p0.3_seed1101,random_gaussian_n200_m160_p0.3_seed1101,4V-FB,converged,160,200,0.3,0.05,83.90253461898565,3557,11.364440780249618,9.910104360254503e-12,103,103,0.04374362098632958,0.0,0.0289990873765705,0.009185404806639607,True,0.31559337399994547,0.31511255399982474,0.00048638999987815623,12,11,1,0,1390,103.0,103.0,0.002845739999656871,0.0002169600002162042,0.003330909999931464,0.01058206305994494,0.22709522026163687,4.067954133070884e-44,8.474904443897675e-46,0.04374362098632958,52.43198135055951,ordinary,1101,10000,3,0.3142741139999998,0.31630568400009906,0.3146933339999123,0.3157091189999619
ordinary_n200_p0.3_seed1102,random_gaussian_n200_m160_p0.3_seed1102,FB,converged,160,200,0.3,0.05,92.7846433375943,3181,11.313799192731853,9.805156684969393e-12,102,102,0.04305230901976332,0.0,0.04828914943914623,0.01551483626078525,True,0.2675289310000153,0.26706579100005,0.00046313999996527855,0,0,0,0,0,,,0.0,0.0,0.0,0.0,0.22102780751034698,,,,,ordinary,1102,10000,3,0.2664264809998258,0.27010863999998946,0.2667461359999379,0.26858721550001974
ordinary_n200_p0.3_seed1102,random_gaussian_n200_m160_p0.3_seed1102,4V-FB,converged,160,200,0.3,0.05,92.7846433375943,3181,11.313799192731853,9.805156684969393e-12,102,102,0.04305230901976332,0.0,0.04828914943914623,0.01551483626078525,True,0.28164679900010015,0.28117132900001707,0.0004881600000317121,11,10,1,0,798,102.0,102.0,0.0026101099997504207,0.00020077999965906201,0.0030581299997720635,0.010790364195330642,0.22102780751034698,1.1759714446960498e-44,2.449940509783437e-46,0.04305230901976332,53.04233476831745,ordinary,1102,10000,3,0.2804255490000287,0.31518526399986513,0.2807984390000229,0.2981782964999411
ordinary_n200_p0.3_seed1103,random_gaussian_n200_m160_p0.3_seed1103,FB,converged,160,200,0.3,0.05,88.28033464453486,4095,10.741998290586555,9.909963036358337e-12,101,101,0.04198938935406901,0.0,0.02659651539772151,0.008824901814630871,True,0.34183830999995735,0.3413844300000619,0.0004549600000700593,0,0,0,0,0,,,0.0,0.0,0.0,0.0,0.211831334680872,,,,,ordinary,1103,10000,3,0.34088504999999714,0.3756813150000653,0.3411347400000295,0.3585328725000636
ordinary_n200_p0.3_seed1103,random_gaussian_n200_m160_p0.3_seed1103,4V-FB,converged,160,200,0.3,0.05,88.28033464453486,4095,10.741998290586555,9.909963036358337e-12,101,101,0.04198938935406901,0.0,0.02659651539772151,0.008824901814630871,True,0.3606728170000224,0.36018786699992233,0.00048483000000487664,12,11,1,0,1623,101.0,101.0,0.0027721699998437543,0.0002171999999518448,0.003259248999938791,0.009036580652371671,0.211831334680872,2.1724330581177982e-44,4.5259022044120796e-46,0.04198938935406901,52.79760057008388,ordinary,1103,10000,3,0.3597538970000187,0.3602587370000947,0.3599708819999705,0.3602233020000085
ordinary_n200_p0.3_seed1104,random_gaussian_n200_m160_p0.3_seed1104,FB,converged,160,200,0.3,0.05,84.88045425554523,2824,9.334167781206673,9.902798004874266e-12,105,105,0.043080714987524686,0.0,0.03729014958802801,0.012310217988460484,True,0.23409112599983928,0.23361352599999918,0.0004775999998400948,0,0,0,0,0,,,0.0,0.0,0.0,0.0,0.22127578328272948,,,,,ordinary,1104,10000,3,0.23350387599998612,0.23670273500010808,0.23355870099999265,0.23515813050005363
ordinary_n200_p0.3_seed1104,random_gaussian_n200_m160_p0.3_seed1104,4V-FB,converged,160,200,0.3,0.05,84.88045425554523,2824,9.334167781206673,9.902798004874266e-12,105,105,0.043080714987524686,0.0,0.03729014958802801,0.012310217988460484,True,0.24851969399992413,0.24803211400012515,0.000491280000005645,12,11,1,0,1110,105.0,105.0,0.002921520000199962,0.00020986000026823604,0.003393530000721512,0.013545727283628666,0.22127578328272948,3.5262015822359414e-44,7.346253296324878e-46,0.043080714987524686,52.5256101867699,ordinary,1104,10000,3,0.24782515300012165,0.27853596900013144,0.2479286335001234,0.2632840415001283
ordinary_n200_p0.3_seed1105,random_gaussian_n200_m160_p0.3_seed1105,FB,converged,160,200,0.3,0.05,102.02174314114133,2764,12.539149483684803,9.851387489042133e-12,97,97,0.042765985128747894,0.0,0.03686889349232881,0.012132092180317142,True,0.23011751600006392,0.22968038599992724,0.00043713000013667624,0,0,0,0,0,,,0.0,0.0,0.0,0.0,0.21853468161604234,,,,,ordinary,1105,10000,3,0.22869005699999434,0.26222344200004954,0.2291852214999608,0.2459519139999884
ordinary_n200_p0.3_seed1105,random_gaussian_n200_m160_p0.3_seed1105,4V-FB,converged,160,200,0.3,0.05,102.02174314114133,2764,12.539149483684803,9.851387489042133e-12,97,97,0.042765985128747894,0.0,0.03686889349232881,0.012132092180317142,True,0.2429618850001134,0.24250606500004324,0.00045582000007016177,12,11,1,0,1130,97.0,97.0,0.002632970000149726,0.00020842999970227538,0.0031078799995611917,0.01281918324110815,0.21853468161604234,3.6480287637660815e-45,7.60005992451267e-47,0.042765985128747894,53.60348180061462,ordinary,1105,10000,3,0.24190683400001944,0.24316791399996873,0.24220644950003134,0.24283698950000598
ordinary_n200_p0.5_seed1101,random_gaussian_n200_m160_p0.5_seed1101,FB,converged,160,200,0.5,0.05,82.2534166377396,3843,10.316289336821278,9.887532016274196e-12,108,108,0.02525934024704209,0.0,0.027136412340324365,0.008438333603480628,True,0.3252358530003221,0.32473893300016243,0.0004969200001596619,0,0,0,0,0,,,0.0,0.0,0.0,0.0,0.22709522026163687,,,,,ordinary,1101,10000,3,0.32294128200010164,0.3544310680001672,0.32384010750013204,0.3395850005001648
ordinary_n200_p0.5_seed1101,random_gaussian_n200_m160_p0.5_seed1101,4V-FB,converged,160,200,0.5,0.05,82.2534166377396,3843,10.316289336821278,9.887532016274196e-12,108,108,0.02525934024704209,0.0,0.027136412340324365,0.008438333603480628,True,0.3423549899998761,0.34184660999994776,0.0005083799999283656,12,11,1,0,1486,108.0,108.0,0.003056869000147344,0.0001856999995197839,0.003499169000178881,0.010220879211312641,0.22709522026163687,7.1882580632152e-27,1.4975537631698333e-28,0.02525934024704209,36.13008351206879,ordinary,1101,10000,3,0.33963791099995433,0.3422516900000119,0.34074226049995104,0.3420491499999798
ordinary_n200_p0.5_seed1102,random_gaussian_n200_m160_p0.5_seed1102,FB,converged,160,200,0.5,0.05,91.10694573269518,4613,10.393627733340423,9.916788851541781e-12,111,111,0.02480740199946789,0.0,0.023242455206966543,0.0071778266366546726,True,0.3916724430000613,0.3911573130001216,0.0005193700001200341,0,0,0,0,0,,,0.0,0.0,0.0,0.0,0.22102780751034698,,,,,ordinary,1102,10000,3,0.3903890330000195,0.39480741200009106,0.39077317300007053,0.3929823625001063
ordinary_n200_p0.5_seed1102,random_gaussian_n200_m160_p0.5_seed1102,4V-FB,converged,160,200,0.5,0.05,91.10694573269518,4613,10.393627733340423,9.916788851541781e-12,111,111,0.02480740199946789,0.0,0.023242455206966543,0.0071778266366546726,True,0.4119868499999484,0.411452029999964,0.0005427999999483291,12,11,1,0,1781,111.0,111.0,0.0031855700001415244,0.00019418900023993046,0.003638928999862401,0.00882384716877985,0.22102780751034698,3.51431656413472e-27,7.321492841947334e-29,0.02480740199946789,36.5166267080103,ordinary,1102,10000,3,0.41044288900002357,0.44387136499994995,0.4109474594999938,0.42766169749995697
ordinary_n200_p0.5_seed1103,random_gaussian_n200_m160_p0.5_seed1103,FB,converged,160,200,0.5,0.05,86.57787441063543,3418,8.959684105647051,9.889659485655108e-12,101,101,0.024114419345269422,0.0,0.035845285945781145,0.011151608751371313,True,0.28954152799997246,0.289086387999987,0.0004551399999854766,0,0,0,0,0,,,0.0,0.0,0.0,0.0,0.211831334680872,,,,,ordinary,1103,10000,3,0.28690983799992864,0.319122833000165,0.2879981129999578,0.304104610500076
ordinary_n200_p0.5_seed1103,random_gaussian_n200_m160_p0.5_seed1103,4V-FB,converged,160,200,0.5,0.05,86.57787441063543,3418,8.959684105647051,9.889659485655108e-12,101,101,0.024114419345269422,0.0,0.035845285945781145,0.011151608751371313,True,0.3041378650000297,0.30365766499994606,0.0004843100000471168,12,11,1,0,1192,101.0,101.0,0.0028071390006516594,0.00019028999986403505,0.00325330900022891,0.01069682329830451,0.211831334680872,5.021724198188568e-27,1.046192541289285e-28,0.024114419345269422,36.388688063948145,ordinary,1103,10000,3,0.303626536000138,0.3044030850001036,0.30364210050004203,0.30403037500002483
ordinary_n200_p0.5_seed1104,random_gaussian_n200_m160_p0.5_seed1104,FB,converged,160,200,0.5,0.05,83.20071664115382,4342,9.074816345944951,9.888711385050375e-12,109,109,0.024825953164407256,0.0,0.028619399171823625,0.00914410244130583,True,0.3703290959997503,0.3698256359998595,0.000501968999969904,0,0,0,0,0,,,0.0,0.0,0.0,0.0,0.22127578328272948,,,,,ordinary,1104,10000,3,0.369222986000068,0.3709495559999141,0.36952431099996375,0.3703875959998868
ordinary_n200_p0.5_seed1104,random_gaussian_n200_m160_p0.5_seed1104,4V-FB,converged,160,200,0.5,0.05,83.20071664115382,4342,9.074816345944951,9.888711385050375e-12,109,109,0.024825953164407256,0.0,0.028619399171823625,0.00914410244130583,True,0.3899620929998946,0.389437222999959,0.0005248699999356177,12,11,1,0,1440,109.0,109.0,0.003095569000379328,0.00020917000051667856,0.0035568799999055045,0.009102958867714828,0.22127578328272948,6.634555306139246e-27,1.382199022112343e-28,0.024825953164407256,36.19993275875121,ordinary,1104,10000,3,0.3892886329999783,0.41998758900012945,0.38936292799996863,0.4047124060000442
ordinary_n200_p0.5_seed1105,random_gaussian_n200_m160_p0.5_seed1105,FB,converged,160,200,0.5,0.05,100.37091071499684,6375,11.415023178224601,9.953792226552763e-12,114,114,0.024620502939776627,0.0,0.015455308565224939,0.004685583398004125,True,0.5365195610002047,0.5359984610001902,0.0005318400001215196,0,0,0,0,0,,,0.0,0.0,0.0,0.0,0.21853468161604234,,,,,ordinary,1105,10000,3,0.5353403920000801,0.5682467369999813,0.5356694265001352,0.5521225990000858
ordinary_n200_p0.5_seed1105,random_gaussian_n200_m160_p0.5_seed1105,4V-FB,converged,160,200,0.5,0.05,100.37091071499684,6375,11.415023178224601,9.953792226552763e-12,114,114,0.024620502939776627,0.0,0.015455308565224939,0.004685583398004125,True,0.5655479170000035,0.5649970869999379,0.0005508300000656163,13,12,1,0,2704,114.0,114.0,0.003561438000360795,0.00021066999943286646,0.004056678000097236,0.007167425483487548,0.21853468161604234,1.7842111279477182e-27,3.717106516557746e-29,0.024620502939776627,36.866215177158914,ordinary,1105,10000,3,0.5646854970000277,0.5658362070000749,0.5648412919999828,0.5654166470000064
ordinary_n200_p0.8_seed1101,random_gaussian_n200_m160_p0.8_seed1101,FB,converged,160,200,0.8,0.05,80.79322436700852,7172,9.962765005698671,9.914402101130027e-12,119,119,0.005580438531157142,0.0,0.01888360118452474,0.005446714125982379,True,0.6289502680001533,0.6283665580001525,0.0005837100000007922,0,0,0,0,0,,,0.0,0.0,0.0,0.0,0.22709522026163687,,,,,ordinary,1101,50000,3,0.6246542189999218,0.6538182740000593,0.6265103885000372,0.6410924160001059
ordinary_n200_p0.8_seed1101,random_gaussian_n200_m160_p0.8_seed1101,4V-FB,converged,160,200,0.8,0.05,80.79322436700852,7172,9.962765005698671,9.914402101130027e-12,119,119,0.005580438531157142,0.0,0.01888360118452474,0.005446714125982379,True,0.6496942450000915,0.6490995950000524,0.0005946500000391097,13,12,1,0,2119,119.0,119.0,0.003979190000109156,0.0002442499999233405,0.004516579999744863,0.006961272927154808,0.22709522026163687,1.548968759729574e-17,3.2270182494366126e-19,0.005580438531157142,29.411900204374973,ordinary,1101,50000,3,0.6482192949999899,0.651076453999849,0.6486594450000212,0.6500880244999507
ordinary_n200_p0.8_seed1102,random_gaussian_n200_m160_p0.8_seed1102,FB,converged,160,200,0.8,0.05,89.61955124492526,9504,11.333435536322993,9.969005310549435e-12,125,125,0.005455912925153494,0.0,0.011061250838300753,0.0034138442494500865,True,0.8231359989999874,0.8225254989999939,0.00061189000007289,0,0,0,0,0,,,0.0,0.0,0.0,0.0,0.22102780751034698,,,,,ordinary,1102,50000,3,0.8200520499999584,0.8291127789998427,0.8212887744999762,0.8258191389999183
ordinary_n200_p0.8_seed1102,random_gaussian_n200_m160_p0.8_seed1102,4V-FB,converged,160,200,0.8,0.05,89.61955124492526,9504,11.333435536322993,9.969005310549435e-12,125,125,0.005455912925153494,0.0,0.011061250838300753,0.0034138442494500865,True,0.8585894939997161,0.8579647449998902,0.0006418100001610583,13,12,1,0,3754,125.0,125.0,0.004478490000110469,0.00024661000065862027,0.005027410000593591,0.005855429207703831,0.22102780751034698,1.0231317819833026e-17,2.131524545798547e-19,0.005455912925153494,29.67624270480789,ordinary,1102,50000,3,0.8560147350001444,0.8921699190000254,0.8569897400000173,0.8750673319999578
ordinary_n200_p0.8_seed1103,random_gaussian_n200_m160_p0.8_seed1103,FB,converged,160,200,0.8,0.05,85.07331054078965,7208,9.5301527327496,9.908115080743055e-12,113,113,0.005266072527804785,0.0,0.024160508789294807,0.007633203752152422,True,0.6246376690000943,0.624097638999956,0.0005400300001383584,0,0,0,0,0,,,0.0,0.0,0.0,0.0,0.211831334680872,,,,,ordinary,1103,50000,3,0.6197131690000788,0.6251427889999377,0.6219054040000174,0.6246202139999468
ordinary_n200_p0.8_seed1103,random_gaussian_n200_m160_p0.8_seed1103,4V-FB,converged,160,200,0.8,0.05,85.07331054078965,7208,9.5301527327496,9.908115080743055e-12,113,113,0.005266072527804785,0.0,0.024160508789294807,0.007633203752152422,True,0.6497880550000446,0.6492416250000588,0.0005592699999397155,12,11,1,0,1792,113.0,113.0,0.0033285100003013213,0.00022612000088884088,0.003835810000055062,0.005905310532701264,0.211831334680872,1.2599962804583475e-17,2.6249922509548907e-19,0.005266072527804785,29.624717962764834,ordinary,1103,50000,3,0.6471596450001016,0.6497121250001783,0.6482006350000802,0.6494768750001185
ordinary_n200_p0.8_seed1104,random_gaussian_n200_m160_p0.8_seed1104,FB,converged,160,200,0.8,0.05,81.72373332947755,16441,9.742419225345746,9.98278849581979e-12,125,125,0.0054610133685532,0.0,0.006265386100315046,0.0018756535167738983,True,1.3851540380001097,1.3845312979999562,0.0006315499999800522,0,0,0,0,0,,,0.0,0.0,0.0,0.0,0.22127578328272948,,,,,ordinary,1104,50000,3,1.38035628800003,1.3889119160000973,1.382443792999993,1.3867216070000268
ordinary_n200_p0.8_seed1104,random_gaussian_n200_m160_p0.8_seed1104,4V-FB,converged,160,200,0.8,0.05,81.72373332947755,16441,9.742419225345746,9.98278849581979e-12,125,125,0.0054610133685532,0.0,0.006265386100315046,0.0018756535167738983,True,1.438500558999749,1.4378647489998002,0.0006358099999488331,14,13,1,0,6624,125.0,125.0,0.0049093180000454595,0.0002493300000878662,0.005482527999674858,0.0037982306150229437,0.22127578328272948,1.4796182624449515e-17,3.0825380467603155e-19,0.0054610133685532,29.47434679357935,ordinary,1104,50000,3,1.4340707499998189,1.4535603570000148,1.4359677494998095,1.4457125529999075
ordinary_n200_p0.8_seed1105,random_gaussian_n200_m160_p0.8_seed1105,FB,converged,160,200,0.8,0.05,98.85508413917138,9631,11.725444975170753,9.975091979517725e-12,121,121,0.005404580319208607,0.0,0.010702038230073383,0.003127403838604973,True,0.8288373989996671,0.8282417189998341,0.0006005799998547445,0,0,0,0,0,,,0.0,0.0,0.0,0.0,0.21853468161604234,,,,,ordinary,1105,50000,3,0.8229703990000417,0.8342894580000575,0.8256060589999379,0.8312655884999458
ordinary_n200_p0.8_seed1105,random_gaussian_n200_m160_p0.8_seed1105,4V-FB,converged,160,200,0.8,0.05,98.85508413917138,9631,11.725444975170753,9.975091979517725e-12,121,121,0.005404580319208607,0.0,0.010702038230073383,0.003127403838604973,True,0.8693304930002341,0.8687271130002046,0.0005979499999284599,13,12,1,0,3922,121.0,121.0,0.00406137799973294,0.0002458990002196515,0.004617917999894416,0.005304896166374376,0.21853468161604234,6.911093296178339e-18,1.4398111033704873e-19,0.005404580319208607,29.905645590037913,ordinary,1105,50000,3,0.8625129639999614,0.8730371419999301,0.865620038500083,0.8708821275000673
ordinary_n400_p0.3_seed1101,random_gaussian_n400_m320_p0.3_seed1101,FB,converged,320,400,0.3,0.05,163.94191385601346,2620,25.869923737332936,9.877088316172376e-12,190,190,0.042830202836561644,0.0,0.04044563284906008,0.013512468601306525,True,0.3066745749997608,0.3052861049998228,0.0013884699999380246,0,0,0,0,0,,,0.0,0.0,0.0,0.0,0.2190928352606302,,,,,ordinary,1101,10000,3,0.29984800600004746,0.32821957200008,0.3025670554999351,0.3167528384999514
ordinary_n400_p0.3_seed1101,random_gaussian_n400_m320_p0.3_seed1101,4V-FB,converged,320,400,0.3,0.05,163.94191385601346,2620,25.869923737332936,9.877088316172376e-12,190,190,0.042830202836561644,0.0,0.04044563284906008,0.013512468601306525,True,0.3236860719998731,0.3222807519998696,0.0014160799998990115,12,11,1,0,1030,190.0,190.0,0.010642766000046322,0.00046304999978019623,0.011549176000471562,0.03581091175582217,0.2190928352606302,5.2528544969783334e-48,1.0943446868704861e-49,0.042830202836561644,56.64853534242016,ordinary,1101,10000,3,0.32108830299989677,0.3243874429999778,0.3216845274998832,0.3233340974999237
ordinary_n400_p0.3_seed1102,random_gaussian_n400_m320_p0.3_seed1102,FB,converged,320,400,0.3,0.05,184.9248456253893,3440,21.802385907091335,9.908852543970569e-12,207,207,0.042799600075832105,0.0,0.027048443649042974,0.008656113352199778,True,0.4238197780000519,0.4221296580001308,0.001691390000132742,0,0,0,0,0,,,0.0,0.0,0.0,0.0,0.21882677565505285,,,,,ordinary,1102,10000,3,0.3998896319999403,0.43519842600017,0.41100964500003556,0.4286640420001504
ordinary_n400_p0.3_seed1102,random_gaussian_n400_m320_p0.3_seed1102,4V-FB,converged,320,400,0.3,0.05,184.9248456253893,3440,21.802385907091335,9.908852543970569e-12,207,207,0.042799600075832105,0.0,0.027048443649042974,0.008656113352199778,True,0.5545941889999995,0.5085398159999386,0.03521761499996501,12,11,1,0,1534,207.0,207.0,0.01551402799987045,0.0005883500002710207,0.01668078799957584,0.031565685478998726,0.21882677565505285,1.189315595690253e-48,2.477740824354694e-50,0.042799600075832105,57.34718054455983,ordinary,1102,10000,3,0.49301225700014584,0.5252591729999949,0.5007760365000422,0.5168994944999667
ordinary_n400_p0.3_seed1103,random_gaussian_n400_m320_p0.3_seed1103,FB,converged,320,400,0.3,0.05,193.0352413354909,3789,21.52999104673465,9.886524703348915e-12,203,203,0.042717506393024324,0.0,0.03852488238572547,0.012241335298263373,True,0.4604806730001201,0.45855453300009685,0.0017665499999566237,0,0,0,0,0,,,0.0,0.0,0.0,0.0,0.2181137129859333,,,,,ordinary,1103,10000,3,0.45816791299989745,0.4603630020001219,0.45836122299999715,0.4594587675001094
ordinary_n400_p0.3_seed1103,random_gaussian_n400_m320_p0.3_seed1103,4V-FB,converged,320,400,0.3,0.05,193.0352413354909,3789,21.52999104673465,9.886524703348915e-12,203,203,0.042717506393024324,0.0,0.03852488238572547,0.012241335298263373,True,0.549793869000041,0.5323669619999691,0.019876557000088724,11,10,1,0,1012,203.0,203.0,0.01355676800017136,0.000543069999821455,0.014634327999829111,0.026617845023346413,0.2181137129859333,7.004663513605204e-49,1.459304898667751e-50,0.042717506393024324,57.59906699016477,ordinary,1103,10000,3,0.49081887900001675,0.5329414420000376,0.5115929204999929,0.5326542020000034
ordinary_n400_p0.3_seed1104,random_gaussian_n400_m320_p0.3_seed1104,FB,converged,320,400,0.3,0.05,169.58190989207742,4470,20.146748707578283,9.911535156274918e-12,197,197,0.042338543199365475,0.0,0.023645666222898026,0.007516161610157567,True,0.4905108579998796,0.4890166479999607,0.001489339999807271,0,0,0,0,0,,,0.0,0.0,0.0,0.0,0.21483448771107289,,,,,ordinary,1104,10000,3,0.4883148380001785,0.4963345769999705,0.4886657430000696,0.4926756124999656
ordinary_n400_p0.3_seed1104,random_gaussian_n400_m320_p0.3_seed1104,4V-FB,converged,320,400,0.3,0.05,169.58190989207742,4470,20.146748707578283,9.911535156274918e-12,197,197,0.042338543199365475,0.0,0.023645666222898026,0.007516161610157567,True,0.5220133740001529,0.5204994640000677,0.0015132890000586485,12,11,1,0,1788,197.0,197.0,0.011349128999881941,0.00045748000002276967,0.012240469000062149,0.02336004709275555,0.21483448771107289,3.461183359573818e-48,7.210798665778788e-50,0.042338543199365475,56.86445251014749,ordinary,1104,10000,3,0.5204059640000196,0.5512609390000307,0.5204527140000437,0.5358802015000492
ordinary_n400_p0.3_seed1105,random_gaussian_n400_m320_p0.3_seed1105,FB,converged,320,400,0.3,0.05,157.48911182732297,3601,19.275551738124214,9.896373347232625e-12,197,197,0.04216363951269321,0.0,0.030265753167938808,0.009794430624419348,True,0.41746895800019956,0.41597908900007496,0.0014988100001573912,0,0,0,0,0,,,0.0,0.0,0.0,0.0,0.21332792461639027,,,,,ordinary,1105,10000,3,0.41366242000003695,0.4405608850001954,0.41482075450005595,0.4282699870001352
ordinary_n400_p0.3_seed1105,random_gaussian_n400_m320_p0.3_seed1105,4V-FB,converged,320,400,0.3,0.05,157.48911182732297,3601,19.275551738124214,9.896373347232625e-12,197,197,0.04216363951269321,0.0,0.030265753167938808,0.009794430624419348,True,0.4439717959999143,0.4424487460000819,0.0015259100000548642,12,11,1,0,1412,197.0,197.0,0.011322979999931704,0.0005016199997953663,0.012285599999586339,0.027668711196802007,0.21332792461639027,8.619501117798503e-48,1.7957293995413546e-49,0.04216363951269321,56.44325727450272,ordinary,1105,10000,3,0.4412162660000831,0.44378479500005596,0.4418325060000825,0.4431167705000689
ordinary_n400_p0.5_seed1101,random_gaussian_n400_m320_p0.5_seed1101,FB,converged,320,400,0.5,0.05,160.59751188055606,5200,23.242436450692885,9.913657847258957e-12,197,197,0.024662406831297785,0.0,0.019738916209985788,0.00646431660647863,True,0.580717593999907,0.5792309139999361,0.0015010800000254676,0,0,0,0,0,,,0.0,0.0,0.0,0.0,0.2190928352606302,,,,,ordinary,1101,10000,3,0.577080874999865,0.6051055809998616,0.5781558944999006,0.5921682474998988
ordinary_n400_p0.5_seed1101,random_gaussian_n400_m320_p0.5_seed1101,4V-FB,converged,320,400,0.5,0.05,160.59751188055606,5200,23.242436450692885,9.913657847258957e-12,197,197,0.024662406831297785,0.0,0.019738916209985788,0.00646431660647863,True,0.6106248810001489,0.6091093110001111,0.0015250099997956568,13,12,1,0,2108,197.0,197.0,0.012351696999530759,0.0004504300002281525,0.013244058999816843,0.021687794605820692,0.2190928352606302,3.3227649819539374e-29,6.92242704573737e-31,0.024662406831297785,38.79733859462261,ordinary,1101,10000,3,0.608925089999957,0.6108271900000091,0.609017200500034,0.6099682505000601
ordinary_n400_p0.5_seed1102,random_gaussian_n400_m320_p0.5_seed1102,FB,converged,320,400,0.5,0.05,181.60354296222152,6285,19.104222052524506,9.933723713333073e-12,221,221,0.024642436608805746,0.0,0.01773089696205745,0.005408334953459309,True,0.7637959479998244,0.7616406479999114,0.002077638999935516,0,0,0,0,0,,,0.0,0.0,0.0,0.0,0.21882677565505285,,,,,ordinary,1102,10000,3,0.7526914489999399,0.7645388579999235,0.7571660484999256,0.7630897529999174
ordinary_n400_p0.5_seed1102,random_gaussian_n400_m320_p0.5_seed1102,4V-FB,converged,320,400,0.5,0.05,181.60354296222152,6285,19.104222052524506,9.933723713333073e-12,221,221,0.024642436608805746,0.0,0.01773089696205745,0.005408334953459309,True,0.9618740779999371,0.890543758999911,0.07657656899982612,13,12,1,0,2351,221.0,221.0,0.01961535900045419,0.0005518399996162771,0.020752798999865263,0.02081334579286804,0.21882677565505285,1.405403706793388e-29,2.927924389152892e-31,0.024642436608805746,39.22582986764218,ordinary,1102,10000,3,0.8095320410000113,0.8980798980001055,0.8500378999999612,0.8943118285000082
ordinary_n400_p0.5_seed1103,random_gaussian_n400_m320_p0.5_seed1103,FB,converged,320,400,0.5,0.05,189.64361263226814,6294,19.30081857009621,9.942602024035104e-12,218,218,0.024588874734062943,0.0,0.01617750071905552,0.0047952376864764685,True,0.7327401219997682,0.7307394729998578,0.0020006489999104815,0,0,0,0,0,,,0.0,0.0,0.0,0.0,0.2181137129859333,,,,,ordinary,1103,10000,3,0.72281457400004,0.7310931120000532,0.7267770234999489,0.7309162924999555
ordinary_n400_p0.5_seed1103,random_gaussian_n400_m320_p0.5_seed1103,4V-FB,converged,320,400,0.5,0.05,189.64361263226814,6294,19.30081857009621,9.942602024035104e-12,218,218,0.024588874734062943,0.0,0.01617750071905552,0.0047952376864764685,True,0.9288941830000113,0.8729509419999886,0.059111950999977125,13,12,1,0,2586,218.0,218.0,0.018810558000041055,0.0005121200001667603,0.019876668000733844,0.02148858359705651,0.2181137129859333,1.0377763650234056e-29,2.1620340937987615e-31,0.024588874734062943,39.380121063728936,ordinary,1103,10000,3,0.8621747830000004,0.892455148999943,0.8675628624999945,0.8827030454999658
ordinary_n400_p0.5_seed1104,random_gaussian_n400_m320_p0.5_seed1104,FB,converged,320,400,0.5,0.05,166.23544833339022,5812,18.31784329484128,9.915322708501419e-12,211,211,0.02434179913031204,0.0,0.021619168535251074,0.006757719933177196,True,0.6993233079999754,0.6974430479999683,0.001802369999950315,0,0,0,0,0,,,0.0,0.0,0.0,0.0,0.21483448771107289,,,,,ordinary,1104,10000,3,0.6883557890000702,0.7120718650000981,0.6928994185000192,0.7047574565000332
ordinary_n400_p0.5_seed1104,random_gaussian_n400_m320_p0.5_seed1104,4V-FB,converged,320,400,0.5,0.05,166.23544833339022,5812,18.31784329484128,9.915322708501419e-12,211,211,0.02434179913031204,0.0,0.021619168535251074,0.006757719933177196,True,0.8225368280000112,0.7840380239999831,0.0413551940000616,12,11,1,0,1803,211.0,211.0,0.016304427999557447,0.0005108699999709643,0.01735985799973605,0.020531659950573183,0.21483448771107289,2.609791665630525e-29,5.437065970063593e-31,0.02434179913031204,38.93994833939153,ordinary,1104,10000,3,0.749280360000057,0.8041613419998157,0.7666591920000201,0.7940996829998994
ordinary_n400_p0.5_seed1105,random_gaussian_n400_m320_p0.5_seed1105,FB,converged,320,400,0.5,0.05,154.16942906214172,5710,17.889002898436235,9.949624855149812e-12,201,201,0.024227865057242344,0.0,0.017856426057226513,0.005824095757839005,True,0.6653423029999885,0.6636446530001194,0.0016976499998690997,0,0,0,0,0,,,0.0,0.0,0.0,0.0,0.21332792461639027,,,,,ordinary,1105,10000,3,0.6632184120001057,0.6873211290001109,0.6634315325001126,0.6754828910001152
ordinary_n400_p0.5_seed1105,random_gaussian_n400_m320_p0.5_seed1105,4V-FB,converged,320,400,0.5,0.05,154.16942906214172,5710,17.889002898436235,9.949624855149812e-12,201,201,0.024227865057242344,0.0,0.017856426057226513,0.005824095757839005,True,0.7761181360001501,0.7648247780000474,0.011293358000102671,13,12,1,0,2399,201.0,201.0,0.01577271800010749,0.0005098299998280709,0.016816687000073216,0.021115473650680946,0.21332792461639027,4.4226590833097235e-29,9.21387309022859e-31,0.024227865057242344,38.686295453619934,ordinary,1105,10000,3,0.6955027270000755,0.7850346749999062,0.7301637525000615,0.7749297264999768
ordinary_n400_p0.8_seed1101,random_gaussian_n400_m320_p0.8_seed1101,FB,converged,320,400,0.8,0.05,157.6224150900555,12091,20.678066243108553,9.979090424884054e-12,244,244,0.005416080952916516,0.0,0.007567494919153322,0.0022236807389964647,True,1.4671839040001942,1.4645906840000862,0.0025897200000599696,0,0,0,0,0,,,0.0,0.0,0.0,0.0,0.2190928352606302,,,,,ordinary,1101,50000,3,1.4525455259999944,1.4709609029998774,1.4585681050000403,1.4677757934999818
ordinary_n400_p0.8_seed1101,random_gaussian_n400_m320_p0.8_seed1101,4V-FB,converged,320,400,0.8,0.05,157.6224150900555,12091,20.678066243108553,9.979090424884054e-12,244,244,0.005416080952916516,0.0,0.007567494919153322,0.0022236807389964647,True,1.7558341320002455,1.6451838080001835,0.11581347300011657,14,13,1,0,5530,244.0,244.0,0.026088815000775867,0.0006859000000076776,0.027472424999814393,0.015581303559962071,0.2190928352606302,5.346153112292301e-19,1.1137818983942293e-20,0.005416080952916516,31.216077234085233,ordinary,1101,50000,3,1.6394074690001617,1.6473525480000717,1.6422956385001726,1.6462681780001276
ordinary_n400_p0.8_seed1102,random_gaussian_n400_m320_p0.8_seed1102,FB,converged,320,400,0.8,0.05,178.62122020367354,7628,19.455180203512764,9.941998219786275e-12,234,234,0.005410599462787564,0.0,0.01680828735201196,0.004866998392252744,True,0.9011878570001954,0.8988648070001091,0.0023377999998501764,0,0,0,0,0,,,0.0,0.0,0.0,0.0,0.21882677565505285,,,,,ordinary,1102,50000,3,0.8886886589998539,0.9048442970001815,0.8937767329999815,0.9018545520001453
ordinary_n400_p0.8_seed1102,random_gaussian_n400_m320_p0.8_seed1102,4V-FB,converged,320,400,0.8,0.05,178.62122020367354,7628,19.455180203512764,9.941998219786275e-12,234,234,0.005410599462787564,0.0,0.01680828735201196,0.004866998392252744,True,1.1503898619998836,1.0506040559998837,0.10093029499989825,13,12,1,0,2488,234.0,234.0,0.022221085999717616,0.000604080000130125,0.02345086600007562,0.02035341236219623,0.21882677565505285,3.2417624552557976e-19,6.7536717817829114e-21,0.005410599462787564,31.48941156080285,ordinary,1102,50000,3,1.0394433970000136,1.0649469630000112,1.0450237264999487,1.0577755094999475
ordinary_n400_p0.8_seed1103,random_gaussian_n400_m320_p0.8_seed1103,FB,converged,320,400,0.8,0.05,186.64753472150062,8016,20.226588608238345,9.971332563968105e-12,238,238,0.00539590311423445,0.0,0.012873829873722846,0.0037651005701491804,True,0.979566246000104,0.9771969060000174,0.002369979999912175,0,0,0,0,0,,,0.0,0.0,0.0,0.0,0.2181137129859333,,,,,ordinary,1103,50000,3,0.9667152179999903,0.97799738599997,0.9719560620000038,0.9775971459999937
ordinary_n400_p0.8_seed1103,random_gaussian_n400_m320_p0.8_seed1103,4V-FB,converged,320,400,0.8,0.05,186.64753472150062,8016,20.226588608238345,9.971332563968105e-12,238,238,0.00539590311423445,0.0,0.012873829873722846,0.0037651005701491804,True,1.1965206840000064,1.0923715900000843,0.10414909399992212,13,12,1,0,3264,238.0,238.0,0.023249037999448774,0.0006536099997447309,0.024567457999637554,0.020065988019254858,0.2181137129859333,2.7190950776425494e-19,5.6647814117553115e-21,0.00539590311423445,31.589582529249324,ordinary,1103,50000,3,1.0408221370000774,1.1240917439999976,1.0665968635000809,1.108231667000041
ordinary_n400_p0.8_seed1104,random_gaussian_n400_m320_p0.8_seed1104,FB,converged,320,400,0.8,0.05,163.2743854392164,10141,19.5482928605569,9.958799122188786e-12,234,234,0.005328214104971342,0.0,0.012896450428954641,0.0037913011260128577,True,1.1803825559998131,1.177992106999909,0.0023108000000320317,0,0,0,0,0,,,0.0,0.0,0.0,0.0,0.21483448771107289,,,,,ordinary,1104,50000,3,1.1645901489998778,1.195572613999957,1.1712911279998934,1.186782360499933
ordinary_n400_p0.8_seed1104,random_gaussian_n400_m320_p0.8_seed1104,4V-FB,converged,320,400,0.8,0.05,163.2743854392164,10141,19.5482928605569,9.958799122188786e-12,234,234,0.005328214104971342,0.0,0.012896450428954641,0.0037913011260128577,True,1.4308958100000382,1.3313852750000024,0.09951053500003582,13,12,1,0,3265,234.0,234.0,0.022189877000528213,0.000592310000456564,0.02337977599927399,0.016236567606000438,0.21483448771107289,4.643453586040732e-19,9.673861637584859e-21,0.005328214104971342,31.32099151474189,ordinary,1104,50000,3,1.2286320589998923,1.3405487329998778,1.2800086669999473,1.33596700399994
ordinary_n400_p0.8_seed1105,random_gaussian_n400_m320_p0.8_seed1105,FB,converged,320,400,0.8,0.05,151.181218549599,26767,17.807166111702255,9.988032312684287e-12,243,243,0.005297058358363723,0.0,0.0029426170272298484,0.0008945894264244304,True,3.168453924000005,3.1660817649999444,0.0023900090000097407,0,0,0,0,0,,,0.0,0.0,0.0,0.0,0.21332792461639027,,,,,ordinary,1105,50000,3,3.1570730060000187,3.1673742140001195,3.1615773854999816,3.166727989500032
ordinary_n400_p0.8_seed1105,random_gaussian_n400_m320_p0.8_seed1105,4V-FB,converged,320,400,0.8,0.05,151.181218549599,26767,17.807166111702255,9.988032312684287e-12,243,243,0.005297058358363723,0.0,0.0029426170272298484,0.0008945894264244304,True,3.4902601559999766,3.3746464729999843,0.1156136829999923,15,14,1,0,14609,243.0,243.0,0.02834383400045226,0.0006981300000461488,0.029759474000229602,0.008520827306988076,0.21332792461639027,6.31716058737583e-19,1.3160751223699646e-20,0.005297058358363723,31.164078131179817,ordinary,1105,50000,3,3.36425803599991,3.3764906930000507,3.3694522544999472,3.3755685830000175
